P,R,F
7.392785958945751190e-01,5.890104746534711166e-01,6.556446880788584508e-01
7.792950682342052460e-01,5.780597604456402250e-01,6.637602945694996981e-01
7.882917493581772517e-01,6.736484507719676662e-01,7.264750167813797121e-01
7.075645873943964270e-01,5.469066757531393375e-01,6.169480445515793665e-01
7.396468631923198700e-01,5.647062798341115908e-01,6.404450063809769000e-01
7.776737324893474579e-01,5.777733570053464884e-01,6.629829619432104915e-01
7.767976634204387665e-01,6.258456939742679248e-01,6.931989805932531334e-01
7.767976634204387665e-01,6.258456939742679248e-01,6.931989805932531334e-01
7.113853047291437415e-01,6.126538790407635160e-01,6.583384718176814587e-01
7.396468631923198700e-01,5.647062798341115908e-01,6.404450063809769000e-01
8.532804910625729766e-01,7.046128922984714604e-01,7.718531205933274464e-01
8.532804910625729766e-01,7.046128922984714604e-01,7.718531205933274464e-01
7.735582254827022552e-01,6.963599654061071176e-01,7.329319175389287233e-01
7.735582254827022552e-01,6.963599654061071176e-01,7.329319175389287233e-01
8.122922629117965698e-01,7.315492435787500636e-01,7.698093204512953536e-01
7.024893909692764282e-01,6.490175549903611785e-01,6.746956769945655630e-01
7.700277976691722870e-01,6.819205962205200366e-01,7.233009342518392781e-01
7.772932015359401703e-01,6.738142225514637262e-01,7.218641509147580848e-01
7.735582254827022552e-01,6.963599654061071176e-01,7.329319175389287233e-01
7.681901566684246063e-01,6.781633081061116952e-01,7.203749160749169933e-01
9.745654761791229248e-01,6.450591990619563010e-01,7.762939588506391209e-01
7.724973522126674652e-01,6.870075939746385085e-01,7.272487135885247200e-01
8.074593514204025935e-01,7.206334922085987360e-01,7.615797098410433952e-01
8.074593514204025935e-01,7.206334922085987360e-01,7.615797098410433952e-01
7.885496318340301514e-01,5.456935727846956574e-01,6.450195353050839353e-01
7.913222461938858032e-01,5.525417320221384099e-01,6.507184828036713942e-01
8.360735376675922925e-01,5.863113042628653737e-01,6.892640470834270339e-01
7.275011340777078894e-01,5.342978351862630593e-01,6.161080972510341036e-01
7.894652783870697021e-01,5.732895919931269013e-01,6.642313114067158741e-01
7.932321429252624512e-01,5.746879900031000021e-01,6.665023415478075197e-01
7.894652783870697021e-01,5.732895919931269013e-01,6.642313114067158741e-01
7.833404093980789185e-01,5.037692323605590383e-01,6.131922004411135552e-01
7.913533598184585571e-01,5.332406530174138570e-01,6.371488596021702699e-01
7.894652783870697021e-01,5.732895919931269013e-01,6.642313114067158741e-01
7.904808521270751953e-01,5.751688725480409436e-01,6.658515317270051748e-01
7.904808521270751953e-01,5.751688725480409436e-01,6.658515317270051748e-01
7.191799953579902649e-01,7.402817526688941774e-01,7.295783231972901017e-01
7.498299255967140198e-01,7.509418030579884107e-01,7.503854524487606481e-01
7.727687180042267512e-01,7.827878506519855284e-01,7.777460183787231474e-01
7.461923733353614807e-01,7.358819999946997203e-01,7.410013234855786779e-01
7.315011247992515564e-01,7.195475546595377914e-01,7.254751036696029942e-01
7.439602538943290710e-01,6.622224364143151076e-01,7.007157396044736419e-01
7.191799953579902649e-01,7.402817526688941774e-01,7.295783231972901017e-01
7.169478759169578552e-01,6.777455737957587267e-01,6.967957720674431421e-01
7.169478759169578552e-01,6.777455737957587267e-01,6.967957720674431421e-01
7.998684942722320557e-01,7.442704122991133930e-01,7.710685243193943217e-01
7.463831529021263123e-01,7.207066994638015034e-01,7.333202363795046086e-01
7.463831529021263123e-01,7.207066994638015034e-01,7.333202363795046086e-01
7.795048803091049194e-01,6.075431192011544468e-01,6.828643660244336777e-01
7.854531854391098022e-01,5.774009154375755459e-01,6.655464998258645570e-01
8.192678093910217285e-01,6.381775386857264643e-01,7.174722740877372829e-01
7.831584364175796509e-01,5.771607653886983158e-01,6.645621439191544688e-01
8.318758964538575107e-01,5.800490530602859796e-01,6.835049216571733588e-01
7.902100533246994019e-01,5.802408289728743229e-01,6.691405614408054703e-01
7.831584364175796509e-01,5.771607653886983158e-01,6.645621439191544688e-01
7.854531854391098022e-01,5.774009154375755459e-01,6.655464998258645570e-01
9.548163016637165601e-01,5.724275987030882362e-01,7.157510370578717973e-01
7.854531854391098022e-01,5.774009154375755459e-01,6.655464998258645570e-01
9.559484720230102539e-01,6.298476984780846388e-01,7.593686454383060669e-01
9.559484720230102539e-01,6.298476984780846388e-01,7.593686454383060669e-01
7.282121181488037109e-01,6.802046901235977439e-01,7.033902112787815408e-01
7.783589661121368408e-01,7.226609985033670691e-01,7.494765971200532118e-01
8.138178348541260654e-01,7.586110453638764684e-01,7.852453057830666161e-01
9.642820358276367188e-01,6.356140360650088805e-01,7.661887637142902330e-01
7.306092182795206336e-01,6.874298925201097754e-01,7.083621496347562996e-01
6.457094550132751465e-01,7.175748480690850029e-01,6.797479631069007766e-01
9.333142638206481934e-01,7.238982470913065681e-01,8.153746790063611805e-01
7.779562771320343018e-01,7.194097095893489113e-01,7.475384166167869937e-01
9.746847748756408691e-01,6.294287803272405890e-01,7.649017702813608599e-01
7.586486041545867920e-01,7.101401773591835553e-01,7.335933676622846678e-01
8.084761023521424006e-01,7.999538423286542965e-01,8.041923947590282618e-01
8.084761023521424006e-01,7.999538423286542965e-01,8.041923947590282618e-01
7.077210433781147003e-01,4.256061864499416370e-01,5.315507232420975114e-01
7.654376961290836334e-01,4.784508780058887023e-01,5.888378515357699516e-01
8.248994857072831088e-01,5.426545632589194756e-01,6.546512300371328807e-01
7.925657518208026886e-01,5.281872855913307685e-01,6.339158665531096082e-01
8.380549579858780351e-01,5.284164061562882653e-01,6.481540714003340975e-01
7.265504337847232819e-01,4.380454813233680134e-01,5.465623403691770577e-01
7.360510081052780151e-01,4.960941420868039131e-01,5.927071065307377706e-01
7.358556129038333893e-01,4.745224521805842532e-01,5.769767644651100369e-01
7.208957721789677198e-01,4.520230435041917572e-01,5.556420387029863406e-01
7.472220398485660553e-01,5.163410534668300134e-01,6.106880095978521883e-01
7.829470373690128326e-01,4.735499662864539050e-01,5.901558731481688636e-01
7.829470373690128326e-01,4.735499662864539050e-01,5.901558731481688636e-01
7.901952614386875684e-01,5.034346770909097213e-01,6.150316785854922363e-01
8.542994558811187744e-01,5.237412092655345797e-01,6.493739138684255785e-01
7.304679850737253455e-01,4.818514510989189148e-01,5.806671873549895668e-01
7.865822836756706238e-01,5.269215808146530122e-01,6.310863508818210788e-01
7.948826372623444270e-01,5.017702914498470834e-01,6.151969948715229064e-01
7.788556143641471863e-01,5.361419598813410570e-01,6.350995374107437641e-01
8.147142777840296057e-01,5.259786843149750757e-01,6.392550062328505867e-01
7.345027506351471391e-01,5.471875577337211860e-01,6.271573774794859668e-01
7.739307656884193420e-01,5.522716316635961631e-01,6.445773399517525926e-01
7.948826372623444270e-01,5.017702914498470834e-01,6.151969948715229064e-01
8.170644700527192050e-01,5.684574589685157386e-01,6.704569342871904425e-01
8.170644700527192050e-01,5.684574589685157386e-01,6.704569342871904425e-01
7.638818882405757904e-01,6.955799089200728202e-01,7.281326517511936824e-01
7.723764292895793915e-01,6.426876223588411374e-01,7.015891193446324170e-01
8.153181761503219827e-01,6.532348494614119705e-01,7.253319924745018632e-01
7.088899761438369751e-01,6.066176430445856527e-01,6.537782985576363615e-01
7.723764292895793915e-01,6.426876223588411374e-01,7.015891193446324170e-01
7.723764292895793915e-01,6.426876223588411374e-01,7.015891193446324170e-01
7.638818882405757904e-01,6.955799089200728202e-01,7.281326517511936824e-01
7.619091980159282684e-01,6.574314171365931436e-01,7.058249985007160054e-01
7.554796896874904633e-01,6.234362211770715367e-01,6.831357868943422895e-01
7.723764292895793915e-01,6.426876223588411374e-01,7.015891193446324170e-01
7.634173892438411713e-01,6.941271066929386446e-01,7.271252508203206455e-01
7.634173892438411713e-01,6.941271066929386446e-01,7.271252508203206455e-01
8.233886182308197688e-01,7.022201222879392857e-01,7.579925846360002772e-01
8.254041612148285134e-01,7.029970076170053428e-01,7.592988899009313064e-01
8.511664122343063354e-01,7.373692511438248998e-01,7.901918155910969688e-01
7.074495057264963416e-01,5.330922715030275150e-01,6.080179981099576025e-01
8.557756493488947180e-01,6.971152306676985377e-01,7.683401929558367760e-01
8.220558345317841020e-01,6.632968995485220010e-01,7.341920525541983933e-01
8.233886182308197688e-01,7.022201222879392857e-01,7.579925846360002772e-01
8.478165914614994580e-01,6.602142148458205462e-01,7.423463273083092950e-01
8.991364538669586182e-01,5.482575974620140791e-01,6.811668066964732260e-01
8.214194476604461670e-01,6.365635354776639776e-01,7.172726619722313846e-01
7.997157275676727295e-01,6.243984857658008147e-01,7.012657898660039635e-01
7.997157275676727295e-01,6.243984857658008147e-01,7.012657898660039635e-01
8.256621385614076880e-01,7.407062205368887264e-01,7.808802808635466608e-01
8.049629057447115210e-01,7.215267426953344554e-01,7.609645620146696654e-01
8.287244290113449097e-01,7.351709159905325253e-01,7.791494482378807929e-01
8.049629256129264832e-01,7.075993022518958231e-01,7.531474659477690459e-01
8.256621385614076880e-01,7.407062205368887264e-01,7.808802808635466608e-01
8.049629057447115210e-01,7.215267426953344554e-01,7.609645620146696654e-01
8.049629057447115210e-01,7.215267426953344554e-01,7.609645620146696654e-01
8.256621385614076880e-01,7.407062205368887264e-01,7.808802808635466608e-01
8.049629256129264832e-01,7.075993022518958231e-01,7.531474659477690459e-01
8.256621385614076880e-01,7.407062205368887264e-01,7.808802808635466608e-01
7.944726273417472839e-01,7.059641566997516549e-01,7.476079023757661313e-01
7.944726273417472839e-01,7.059641566997516549e-01,7.476079023757661313e-01
8.059593141078948975e-01,6.842548415578644239e-01,7.401373294975929218e-01
8.091898739337921587e-01,6.832741446279245734e-01,7.409204001936564588e-01
8.389522085587183264e-01,7.424055382866283637e-01,7.877316404011693862e-01
9.845400750637054443e-01,7.076091804894907300e-01,8.234138843114470196e-01
8.192402064800262673e-01,6.465269832004760797e-01,7.227080848050886352e-01
8.184343039989472324e-01,6.506499034063569775e-01,7.249607587598948522e-01
8.192402064800262673e-01,6.465269832004760797e-01,7.227080848050886352e-01
8.030300915241241899e-01,6.939897218654895727e-01,7.445387494299039455e-01
9.860914200544357300e-01,7.100105387126577350e-01,8.255816187863047606e-01
8.030300915241241899e-01,6.939897218654895727e-01,7.445387494299039455e-01
8.326775779326756055e-01,6.581264312925010351e-01,7.351833230807230946e-01
8.326775779326756055e-01,6.581264312925010351e-01,7.351833230807230946e-01
7.253817717234293250e-01,6.501116721069111204e-01,6.856872472147661490e-01
7.939513511955738068e-01,7.120810913688996324e-01,7.507909241190914296e-01
8.124331235885620117e-01,7.252979783450855811e-01,7.663968054471894664e-01
7.297736605008442456e-01,6.416251049322240219e-01,6.828664474519394734e-01
9.619576533635456617e-01,6.672296040198382183e-01,7.879347462715523553e-01
7.770656347274780273e-01,6.974162129794849729e-01,7.350896493584255786e-01
7.898232638835906982e-01,7.112659994293661914e-01,7.484890431084294526e-01
7.939513511955738068e-01,7.120810913688996324e-01,7.507909241190914296e-01
9.421542286872863770e-01,6.558200590750750125e-01,7.733336470397762508e-01
7.340122510989506299e-01,5.967055645059137214e-01,6.582750895946669623e-01
7.907911181449890359e-01,5.821587476660223803e-01,6.706231283001128363e-01
7.907911181449890359e-01,5.821587476660223803e-01,6.706231283001128363e-01
7.644063197076320648e-01,6.855500856271157240e-01,7.228338948694006394e-01
6.949364890654881055e-01,5.907730052431862111e-01,6.386352747890682302e-01
8.016817539930344294e-01,7.129384233401372395e-01,7.547103019830241344e-01
7.036674569050470618e-01,6.605305879653156076e-01,6.814170138848391067e-01
7.754155658185482025e-01,6.760465496188992063e-01,7.223295905789801630e-01
7.660173438489437103e-01,6.878610261521497238e-01,7.248384556266316281e-01
7.756225578486919403e-01,6.981469209377583196e-01,7.348483034372784717e-01
7.720568142831325531e-01,6.847378529690124616e-01,7.257804236467964021e-01
7.744995467364788055e-01,6.934054033769356806e-01,7.317124594185319131e-01
7.720568142831325531e-01,6.847378529690124616e-01,7.257804236467964021e-01
7.994498223066330844e-01,6.853827619618112488e-01,7.380348910276053331e-01
7.994498223066330844e-01,6.853827619618112488e-01,7.380348910276053331e-01
8.669836123784382398e-01,6.000791543546845075e-01,7.092522620745707052e-01
7.701526880264282227e-01,6.286135866361505231e-01,6.922220706165518322e-01
8.010776400566101962e-01,6.548990682644002526e-01,7.206502646398798007e-01
7.213618159294128418e-01,5.991598786676630706e-01,6.546065238854413826e-01
7.530354410409927368e-01,6.592830463367349569e-01,7.030475123083936850e-01
7.568877488374710083e-01,6.663972437381744385e-01,7.087658652701980255e-01
7.720452994108200073e-01,6.153418468201861113e-01,6.848438543760242414e-01
7.480014562606811523e-01,6.616603013347176487e-01,7.021867001520839535e-01
9.517267346382141113e-01,6.163280615035224841e-01,7.481573920553566959e-01
7.656247317790985107e-01,5.790030482937308376e-01,6.593632232187818243e-01
7.679867893457412720e-01,6.292905498953426102e-01,6.917550516381123504e-01
7.679867893457412720e-01,6.292905498953426102e-01,6.917550516381123504e-01
7.881299406290054321e-01,5.625616737255236810e-01,6.565106258179150833e-01
7.908689528703689575e-01,5.615707072542935885e-01,6.567817408843773519e-01
8.977501061227586288e-01,6.693229904262031349e-01,7.668880118085186215e-01
8.403530478477478916e-01,5.865367452303569262e-01,6.908703726385801991e-01
7.859793752431869507e-01,5.555281723296739971e-01,6.509597155940740620e-01
7.935802489519119263e-01,5.604626136582072649e-01,6.569541818163053826e-01
7.869602739810943604e-01,4.448658064976940829e-01,5.684109510494721462e-01
7.910846322774887085e-01,5.619443350933431836e-01,6.571116190536019364e-01
7.937959283590316772e-01,5.608362414972569709e-01,6.572847373378631897e-01
7.910846322774887085e-01,5.619443350933431836e-01,6.571116190536019364e-01
8.021156311035156916e-01,5.739275796142051522e-01,6.691014920815566702e-01
8.021156311035156916e-01,5.739275796142051522e-01,6.691014920815566702e-01
8.175074209769566114e-01,5.910973340488862027e-01,6.861065254543942116e-01
8.149607837200165683e-01,5.508742650457914003e-01,6.573867366759654773e-01
7.637066900730133945e-01,5.935922573873961827e-01,6.679889923888997494e-01
7.336116507649421692e-01,5.631331656722055046e-01,6.371663044766804340e-01
8.286617249250411987e-01,5.946601352829864462e-01,6.924253849030831409e-01
7.624973133206367493e-01,5.325848011542921867e-01,6.271331762777035967e-01
7.335055544972419739e-01,5.700654652023661173e-01,6.415395537856409813e-01
7.924657166004180908e-01,5.582893935126670426e-01,6.550783350556987905e-01
9.513908624649047852e-01,6.152434444081955611e-01,7.472541468464152237e-01
7.924657166004180908e-01,5.582893935126670426e-01,6.550783350556987905e-01
7.590244064728418616e-01,6.066537519943886458e-01,6.743389739188134779e-01
7.590244064728418616e-01,6.066537519943886458e-01,6.743389739188134779e-01
8.114639595150947571e-01,5.722744907807866266e-01,6.711963870327726234e-01
8.128195181488990784e-01,6.030325586095862667e-01,6.923839598262665485e-01
8.469788491725922519e-01,6.178386616050650648e-01,7.144866506992803012e-01
6.369957178831100464e-01,5.138511407539385623e-01,5.688349824011463829e-01
8.065178915858268738e-01,6.119798497049087072e-01,6.959090363131589241e-01
8.065178915858268738e-01,6.119798497049087072e-01,6.959090363131589241e-01
8.145688697695732117e-01,5.967978656018546602e-01,6.888825571424017635e-01
8.054224923253059387e-01,5.954158708043054693e-01,6.846776148560903552e-01
9.592899878819782788e-01,6.040084706533940251e-01,7.412778734990305152e-01
8.051623329520225525e-01,5.818422923394299673e-01,6.755240594986863245e-01
8.221415698528290461e-01,5.433930566004656626e-01,6.543166492393798217e-01
8.221415698528290461e-01,5.433930566004656626e-01,6.543166492393798217e-01
7.872764505445957184e-01,6.758594007528934133e-01,7.273257498544468680e-01
7.872764505445957184e-01,6.758594007528934133e-01,7.273257498544468680e-01
8.148104101419448853e-01,6.575967087266371136e-01,7.278104500843125546e-01
5.856248810887336731e-01,5.980744719044449598e-01,5.917842070380284758e-01
7.891181893646717072e-01,6.766257427402377900e-01,7.285551988906155962e-01
7.872764505445957184e-01,6.758594007528934133e-01,7.273257498544468680e-01
7.872764505445957184e-01,6.758594007528934133e-01,7.273257498544468680e-01
7.909009791910648346e-01,6.673589517775270208e-01,7.238967994988224630e-01
9.736844301223754883e-01,5.796308020494648217e-01,7.266747605195343906e-01
7.882522381842136383e-01,6.795257815380686406e-01,7.298620240989948105e-01
7.775313593447208405e-01,6.680543335135450400e-01,7.186473920143406913e-01
7.775313593447208405e-01,6.680543335135450400e-01,7.186473920143406913e-01
7.911321371793746948e-01,6.826833926014981291e-01,7.329177369789154906e-01
7.859816700220108032e-01,6.722665108677189361e-01,7.246902987244473460e-01
8.235774636268615723e-01,7.121063158926317360e-01,7.637961946293746474e-01
7.309357325236002234e-01,6.361583796787565470e-01,6.802617129298128562e-01
7.926350682973861694e-01,6.844044148416842388e-01,7.345544195584561287e-01
7.911321371793746948e-01,6.826833926014981291e-01,7.329177369789154906e-01
7.911321371793746948e-01,6.826833926014981291e-01,7.329177369789154906e-01
7.926350682973861694e-01,6.844044148416842388e-01,7.345544195584561287e-01
9.625103473663330078e-01,6.455982470000951601e-01,7.728271525393818342e-01
7.859816700220108032e-01,6.722665108677189361e-01,7.246902987244473460e-01
7.909047603607177734e-01,6.472549213696334736e-01,7.119056457795031045e-01
7.909047603607177734e-01,6.472549213696334736e-01,7.119056457795031045e-01
7.697666436433792114e-01,6.543923955214651089e-01,7.074061591066487242e-01
7.692482769489288330e-01,6.497291533570540567e-01,7.044552239222361401e-01
8.049616575241089755e-01,6.705836512540516159e-01,7.316537475477620234e-01
9.832846721013386304e-01,6.151305535906239630e-01,7.568101641737420282e-01
7.704257220029830933e-01,6.126724671376378994e-01,6.825525932315034128e-01
7.692482769489288330e-01,6.497291533570540567e-01,7.044552239222361401e-01
7.692482769489288330e-01,6.497291533570540567e-01,7.044552239222361401e-01
7.668218612670898438e-01,6.512744194582889001e-01,7.043406986007911819e-01
9.661215543746948242e-01,5.273619816491478263e-01,6.822917898183783469e-01
7.668218612670898438e-01,6.512744194582889001e-01,7.043406986007911819e-01
8.312802414099375037e-01,6.392804321489835573e-01,7.227463667709236317e-01
8.312802414099375037e-01,6.392804321489835573e-01,7.227463667709236317e-01
7.652053162455558777e-01,5.889940360262070351e-01,6.656351841375458545e-01
7.631294503808021545e-01,6.415683077073390805e-01,6.970889890346388951e-01
8.015641152858734575e-01,7.112301959667676199e-01,7.537000880478492704e-01
9.766016602516174316e-01,5.478909856375352438e-01,7.019663199469675652e-01
7.657508775591850281e-01,6.303500661879409828e-01,6.914845499027689746e-01
7.683987244963645935e-01,6.251093622894934310e-01,6.893870817239053927e-01
7.654395923018455505e-01,6.651449289954738386e-01,7.117765580327050090e-01
7.660883143544197083e-01,6.136198167079760513e-01,6.814295871030453533e-01
9.097698032855987549e-01,5.921201882538972283e-01,7.173535614775596869e-01
7.638548985123634338e-01,5.727957297622421340e-01,6.546704348474888802e-01
7.634960487484931946e-01,6.834413985043396034e-01,7.212541334111028934e-01
7.634960487484931946e-01,6.834413985043396034e-01,7.212541334111028934e-01
7.862822189927101135e-01,6.616974689066410509e-01,7.186301831465168322e-01
7.857978567481040955e-01,6.627572106818357955e-01,7.190519813956974815e-01
8.448485086361566809e-01,7.526702808837095748e-01,7.961000126833892576e-01
6.004403680562973022e-01,6.241514270504315842e-01,6.120663458280998226e-01
7.913497015833854675e-01,7.100799794826242461e-01,7.485153476717589793e-01
7.913497015833854675e-01,7.100799794826242461e-01,7.485153476717589793e-01
7.851395681500434875e-01,7.644082116583983399e-01,7.746352077843198236e-01
7.790505513548851013e-01,7.054018937879138473e-01,7.403992442875328983e-01
9.670055210590362549e-01,7.062990005231566393e-01,8.163427806656086139e-01
7.875735834240913391e-01,7.290123658047782396e-01,7.571623376693937812e-01
7.746191397309303284e-01,7.571851968765258567e-01,7.658029577334917182e-01
7.746191397309303284e-01,7.571851968765258567e-01,7.658029577334917182e-01
7.954464405775070190e-01,7.294495715492073096e-01,7.610198474588029116e-01
7.954464405775070190e-01,7.294495715492073096e-01,7.610198474588029116e-01
8.312437534332275391e-01,7.794155660031856225e-01,8.044957897061350005e-01
9.651139974594116211e-01,6.427920529212074463e-01,7.716465866685139341e-01
7.870058566331863403e-01,6.797966309662523132e-01,7.294832595566894673e-01
7.944939583539962769e-01,7.295408577754579627e-01,7.606332844114761516e-01
7.944939583539962769e-01,7.295408577754579627e-01,7.606332844114761516e-01
7.945836484432220459e-01,6.640452002656870301e-01,7.234732240835008987e-01
9.638903141021728516e-01,5.826142058739888219e-01,7.262522451714830130e-01
7.945836484432220459e-01,6.640452002656870301e-01,7.234732240835008987e-01
8.240582346916198730e-01,7.117868490602777820e-01,7.638189821598904139e-01
8.240582346916198730e-01,7.117868490602777820e-01,7.638189821598904139e-01
7.853008694946765900e-01,5.506825592262404312e-01,6.473905039225724689e-01
7.890408225357532501e-01,5.337027044381413843e-01,6.367269426187682768e-01
8.244209200143814975e-01,5.508533669369560792e-01,6.604283143690508062e-01
9.539710481961567456e-01,5.397854154876300381e-01,6.894559737587049320e-01
7.897205241024494171e-01,5.336086226786885822e-01,6.368811299780048341e-01
7.853008694946765900e-01,5.506825592262404312e-01,6.473905039225724689e-01
7.941205091774463654e-01,5.351967843515532675e-01,6.394421331435355960e-01
7.897917516529560089e-01,5.155033774035318039e-01,6.238287516124345622e-01
7.941205091774463654e-01,5.351967843515532675e-01,6.394421331435355960e-01
7.853008694946765900e-01,5.506825592262404312e-01,6.473905039225724689e-01
8.311480407913525159e-01,5.367195818253925887e-01,6.522464915649477391e-01
8.311480407913525159e-01,5.367195818253925887e-01,6.522464915649477391e-01
8.189539432525635432e-01,6.799850551837898216e-01,7.430274919479615825e-01
7.922274768352508545e-01,6.191046491085765435e-01,6.950478984275345606e-01
8.303764581680298518e-01,6.800224461469306370e-01,7.477158897468288989e-01
9.666130244731903076e-01,5.939759461276502561e-01,7.358053870260556906e-01
7.882553339004516602e-01,6.186231010290513810e-01,6.932126429027571923e-01
8.444445331891377027e-01,6.277366065117250260e-01,7.201406557337604042e-01
7.961613535881042480e-01,6.414987258164279726e-01,7.105107823298461023e-01
7.882553339004516602e-01,6.186231010290513810e-01,6.932126429027571923e-01
9.757330417633056641e-01,5.818901394146034356e-01,7.290202695541873057e-01
7.482263296842575073e-01,5.774502025311252229e-01,6.518384162586919883e-01
7.796116918325424194e-01,6.192320552935083322e-01,6.902279847283223635e-01
7.796116918325424194e-01,6.192320552935083322e-01,6.902279847283223635e-01
8.059179604053497981e-01,6.050699381687777434e-01,6.911990258234720352e-01
8.484747350215912087e-01,6.249751365645145329e-01,7.197742164391928155e-01
8.407288253307343417e-01,6.432747260584095184e-01,7.288656476566878206e-01
7.481153706709543494e-01,5.393152415631263796e-01,6.267833279967628402e-01
8.426608383655548318e-01,6.158480412228320988e-01,7.116186044325931714e-01
7.688359096646308899e-01,5.284927687872716939e-01,6.264013513161624802e-01
8.062305226922035217e-01,6.234383745103833085e-01,7.031488864748796086e-01
8.426608383655548318e-01,6.158480412228320988e-01,7.116186044325931714e-01
9.494757850964863355e-01,6.097517967890433432e-01,7.426043160039137447e-01
8.427545964717865212e-01,6.447674894962853731e-01,7.305851396148371757e-01
8.032237514853477478e-01,5.954315572431901904e-01,6.838922587673288422e-01
8.032237514853477478e-01,5.954315572431901904e-01,6.838922587673288422e-01
8.085760399699211121e-01,6.544510604337204773e-01,7.233952763467156322e-01
7.512761255105335767e-01,6.009061476865480422e-01,6.677301594289006825e-01
8.282554924488068071e-01,6.726937257619791666e-01,7.424132226970060477e-01
7.416577637195587158e-01,5.797646014496337097e-01,6.507940672547067873e-01
7.987465783953666687e-01,6.448378074307774543e-01,7.135876466418562547e-01
7.508313730359077454e-01,5.806804786241331895e-01,6.548843264398114261e-01
7.489497363567352295e-01,6.229956009706785203e-01,6.801909353142742143e-01
8.085471317172050476e-01,6.534216941096061548e-01,7.227544489881011502e-01
8.077609613537788391e-01,6.531442251316336156e-01,7.222705649560173802e-01
7.987465783953666687e-01,6.448378074307774543e-01,7.135876466418562547e-01
9.843839406967163086e-01,5.728755231166994255e-01,7.242588381429506672e-01
9.843839406967163086e-01,5.728755231166994255e-01,7.242588381429506672e-01
7.787595577538013458e-01,7.578791880676912784e-01,7.681775081297709251e-01
7.716804929077625275e-01,7.191303521394729614e-01,7.444792428865626421e-01
8.218103438615799172e-01,7.739975669009740988e-01,7.971876844487709723e-01
9.585757851600646973e-01,6.401232869126075586e-01,7.676324995372255655e-01
7.716804929077625275e-01,7.191303521394729614e-01,7.444792428865626421e-01
7.716804929077625275e-01,7.191303521394729614e-01,7.444792428865626421e-01
7.808684743940830231e-01,7.575221118885416827e-01,7.690181428626053917e-01
7.787595577538013458e-01,7.578791880676912784e-01,7.681775081297709251e-01
7.808684743940830231e-01,7.575221118885416827e-01,7.690181428626053917e-01
7.743569202721118927e-01,7.292385447856991609e-01,7.511207991868463774e-01
7.779309637844562531e-01,7.358146781145139537e-01,7.562869294134385578e-01
7.779309637844562531e-01,7.358146781145139537e-01,7.562869294134385578e-01
7.596656940877437592e-01,6.263641037791967126e-01,6.866047503182910461e-01
7.416025064885616302e-01,5.742346326261759115e-01,6.472743931739367573e-01
7.935191959142685603e-01,6.749232293665409221e-01,7.294321235214696886e-01
9.547863801320393140e-01,5.728151118755340221e-01,7.160454739197895657e-01
8.103698700666428500e-01,6.581634845584630744e-01,7.263789491528548359e-01
7.456882111728191376e-01,5.761084378510713533e-01,6.500202141985729209e-01
7.624691687524318695e-01,6.280173829197883695e-01,6.887429315171208488e-01
8.129941433668137485e-01,6.614748631417751712e-01,7.294492964515160160e-01
9.773618578910827637e-01,5.327066301926970393e-01,6.895675870393321860e-01
7.431456856429576874e-01,6.046669711172580897e-01,6.667924486133214312e-01
7.676547132432460785e-01,6.276580859720707339e-01,6.906332232781908775e-01
7.676547132432460785e-01,6.276580859720707339e-01,6.906332232781908775e-01
7.698355279862880707e-01,5.025713886546937514e-01,6.081345602193921618e-01
7.712506167590618134e-01,4.999666564119390477e-01,6.066619770746366491e-01
8.022597044706345493e-01,4.011719013222410646e-01,5.348771786405894790e-01
9.560387134552001953e-01,4.511469270373824059e-01,6.130163857458146293e-01
7.727844677865505219e-01,5.032606032453005307e-01,6.095583710415044543e-01
7.712506167590618134e-01,4.999666564119390477e-01,6.066619770746366491e-01
7.712506167590618134e-01,4.999666564119390477e-01,6.066619770746366491e-01
7.195926420390605927e-01,4.965223089049133898e-01,5.875987295754933060e-01
9.758120775222778320e-01,4.701847585678524677e-01,6.345960857258868826e-01
7.195926420390605927e-01,4.965223089049133898e-01,5.875987295754933060e-01
8.424105197191238403e-01,5.481619582617585085e-01,6.641543788066963661e-01
8.424105197191238403e-01,5.481619582617585085e-01,6.641543788066963661e-01
7.994347572326661044e-01,6.868079693239425021e-01,7.388539602734044420e-01
8.101857304573059082e-01,6.967885489009807420e-01,7.492206697861090170e-01
8.172520339488983376e-01,7.276301524627988293e-01,7.698415158038447448e-01
9.726062814394632605e-01,6.500584239436086875e-01,7.792748610760376060e-01
8.076518535614014560e-01,6.971537958238726018e-01,7.483458819343631330e-01
7.706354707479476929e-01,6.735730342845492880e-01,7.188425640068046851e-01
8.224938988685608354e-01,7.386955616073073161e-01,7.783457522933830974e-01
8.083725333213807041e-01,6.736398712496890484e-01,7.348817966554151981e-01
7.706354707479476929e-01,6.735730342845492880e-01,7.188425640068046851e-01
8.076518535614014560e-01,6.971537958238726018e-01,7.483458819343631330e-01
8.003359198570252353e-01,6.838183503284631648e-01,7.375033706662379451e-01
8.003359198570252353e-01,6.838183503284631648e-01,7.375033706662379451e-01
7.801408059895038605e-01,6.818770562132743240e-01,7.277067263986580770e-01
7.163253873586654663e-01,6.260957802607588496e-01,6.681782336824118040e-01
9.774662405252456665e-01,6.960596042136623085e-01,8.131033848698838717e-01
9.607755541801452637e-01,6.315239498468294688e-01,7.621088512024594142e-01
7.806960977613925934e-01,6.637594797839856398e-01,7.174944578082190771e-01
7.777660675346851349e-01,6.621401385493473901e-01,7.153106633479470178e-01
7.789767272770404816e-01,7.208779760419505855e-01,7.488020876963904504e-01
7.645415104925632477e-01,7.044091363475747380e-01,7.332445460525341963e-01
9.355685114860534668e-01,6.122610756795699993e-01,7.401489000650460781e-01
7.645415104925632477e-01,7.044091363475747380e-01,7.332445460525341963e-01
7.572548277676105499e-01,6.449522404638055040e-01,6.966063840867054990e-01
7.572548277676105499e-01,6.449522404638055040e-01,6.966063840867054990e-01
7.900310419499874115e-01,8.185293237830316704e-01,8.040277359939094204e-01
7.907252125442028046e-01,8.192558815312940279e-01,8.047377493260714498e-01
8.306216329336166826e-01,8.309800184743348916e-01,8.308007870544608098e-01
9.888636469841003418e-01,7.666663638381070456e-01,8.637032598604430511e-01
7.900310419499874115e-01,8.185293237830316704e-01,8.040277359939094204e-01
7.900310419499874115e-01,8.185293237830316704e-01,8.040277359939094204e-01
7.907252125442028046e-01,8.192558815312940279e-01,8.047377493260714498e-01
7.900310419499874115e-01,8.185293237830316704e-01,8.040277359939094204e-01
7.245376656452814368e-01,6.973322044278299492e-01,7.106746660992807607e-01
7.917469851672649384e-01,8.114482122798298835e-01,8.014765472288950532e-01
8.074915260076522827e-01,7.623707031787827493e-01,7.842826855097910776e-01
8.074915260076522827e-01,7.623707031787827493e-01,7.842826855097910776e-01
7.038994282484054565e-01,5.442531176266215409e-01,6.138664053298328316e-01
9.656525850296020508e-01,5.167174728675967277e-01,6.732051295104629629e-01
7.627534419298171997e-01,5.894691042956851090e-01,6.650082702257202882e-01
9.621981084346771240e-01,5.363264299396957036e-01,6.887471818797464840e-01
7.049268732468286780e-01,5.348985690091336842e-01,6.082539733492041689e-01
7.538016835848490027e-01,4.984668645386894359e-01,6.001031683875798217e-01
7.357865013182163239e-01,5.621684334639991398e-01,6.373656491847655703e-01
7.357865013182163239e-01,5.621684334639991398e-01,6.373656491847655703e-01
9.656525850296020508e-01,5.167174728675967277e-01,6.732051295104629629e-01
7.983491927385331088e-01,6.297469908992449072e-01,7.040954349913057797e-01
7.811466008424758911e-01,5.982875038115751387e-01,6.775970644080150374e-01
7.811466008424758911e-01,5.982875038115751387e-01,6.775970644080150374e-01
8.129724338650703430e-01,5.495033659338951493e-01,6.557637044067023968e-01
8.135127499699592590e-01,5.483508133888245206e-01,6.551175758722957987e-01
8.435824334621430109e-01,5.710984011888504686e-01,6.810986156323856067e-01
9.553636709849039343e-01,5.227988234460353434e-01,6.757890354216780082e-01
8.477633059024811679e-01,5.688827337622642810e-01,6.808728412628338722e-01
7.544037327170372009e-01,4.947596631646156151e-01,5.975976208072815155e-01
8.452074825763702393e-01,5.393195609152316994e-01,6.584731306306496057e-01
7.550892308354377747e-01,5.205078443288803092e-01,6.162288632834583835e-01
9.881468415260314941e-01,5.177681454271078065e-01,6.794951401363644727e-01
7.544037327170372009e-01,4.947596631646156151e-01,5.975976208072815155e-01
8.243593513965606911e-01,5.495760318040847636e-01,6.594897353407036533e-01
8.243593513965606911e-01,5.495760318040847636e-01,6.594897353407036533e-01
6.269623674452304840e-01,5.934866417244256676e-01,6.097654013350753965e-01
6.269623674452304840e-01,5.934866417244256676e-01,6.097654013350753965e-01
6.364600695669651031e-01,6.384248106953609447e-01,6.374409261875272348e-01
6.636887242396671827e-01,6.194852389485003830e-01,6.408256085581816031e-01
5.912309326231479645e-01,5.642120931521955596e-01,5.774056090871069191e-01
5.912309326231479645e-01,5.642120931521955596e-01,5.774056090871069191e-01
6.269623674452304840e-01,5.934866417244256676e-01,6.097654013350753965e-01
6.450377292931079865e-01,6.017073741160243738e-01,6.226195831648709822e-01
7.794724504152933386e-01,5.914933921163341157e-01,6.725956102684398363e-01
6.450377292931079865e-01,6.017073741160243738e-01,6.226195831648709822e-01
7.034816414117813776e-01,6.739670127989297876e-01,6.884081217428211774e-01
7.034816414117813776e-01,6.739670127989297876e-01,6.884081217428211774e-01
7.947956323623657227e-01,6.513325575024191405e-01,7.159479713437240100e-01
7.988687753677368164e-01,6.385967821785898391e-01,7.097979171112712704e-01
8.299974203109741211e-01,6.966122256384955636e-01,7.574776587729951105e-01
9.627292156219482422e-01,5.760011257547321684e-01,7.207671117982628051e-01
7.845107465982437134e-01,6.464862213893370901e-01,7.088420165150594032e-01
7.947956323623657227e-01,6.513325575024191405e-01,7.159479713437240100e-01
8.038677573204040527e-01,6.542738263655191178e-01,7.213972077312026387e-01
7.947956323623657227e-01,6.513325575024191405e-01,7.159479713437240100e-01
9.861838817596435547e-01,6.338121237778905348e-01,7.716751132681997083e-01
7.845107465982437134e-01,6.464862213893370901e-01,7.088420165150594032e-01
8.199418783187866211e-01,6.787980290675404982e-01,7.427238418216914884e-01
8.199418783187866211e-01,6.787980290675404982e-01,7.427238418216914884e-01
7.735807076096534729e-01,5.345576961408369243e-01,6.322320629884798926e-01
7.695315852761268616e-01,5.480184432235546410e-01,6.401540620883969801e-01
8.049683868885040283e-01,4.798771303030662239e-01,6.012955087847319247e-01
5.883115977048873901e-01,5.073725532856769860e-01,5.448525602661112854e-01
7.647240534424781799e-01,5.134902578429318964e-01,6.144170784412219533e-01
7.845929339528083801e-01,5.777010331512428820e-01,6.654366230678352423e-01
7.767181172966957092e-01,5.713232778361998498e-01,6.583731661815366287e-01
7.434060052037239075e-01,4.771377266733907163e-01,5.812279266269894107e-01
9.433304965496063232e-01,5.242728375305887312e-01,6.739730616177200817e-01
7.603398337960243225e-01,5.034151237341575325e-01,6.057607437734507938e-01
8.212351262569428378e-01,5.732230435824021697e-01,6.751739259758765543e-01
8.212351262569428378e-01,5.732230435824021697e-01,6.751739259758765543e-01
7.386814095079898834e-01,6.275336325408951144e-01,6.785863336767317122e-01
7.660088129341602325e-01,5.437243365412277596e-01,6.360038054533280194e-01
7.835860878229141679e-01,6.375025454307755579e-01,7.030358471132385212e-01
9.695000946521759033e-01,5.063793007059083084e-01,6.652776392276524842e-01
7.505218721926212311e-01,5.547895385853706118e-01,6.379806071315978766e-01
7.589210607111454010e-01,5.663507414020357844e-01,6.486450624151579580e-01
7.457691617310047150e-01,6.138337923874778168e-01,6.733999972628477160e-01
7.660088129341602325e-01,5.437243365412277596e-01,6.360038054533280194e-01
9.590192437171936035e-01,5.775256333572249545e-01,7.209137909256320143e-01
7.331997044384479523e-01,5.722191425100449091e-01,6.427835895630225060e-01
7.835047170519828796e-01,6.689366816032317198e-01,7.217021573889311759e-01
7.835047170519828796e-01,6.689366816032317198e-01,7.217021573889311759e-01
8.088740408420562744e-01,5.986476634886670478e-01,6.880612257940069698e-01
8.271105945110321933e-01,5.873625990637438843e-01,6.869183957843252308e-01
8.039493143558502641e-01,5.759110926709910538e-01,6.710871994369287385e-01
9.792815744876861572e-01,4.673534102984769900e-01,6.327381658711004331e-01
8.286816537380219394e-01,5.833005312539584208e-01,6.846693308223890106e-01
7.639128342270851135e-01,5.204918247165408740e-01,6.191356941016693538e-01
7.734361216425895691e-01,4.906316577384234878e-01,6.003985746746904884e-01
8.103356182575226496e-01,5.613855779276671898e-01,6.632699569504317827e-01
9.556631843249002722e-01,5.446679541273108383e-01,6.938723033876621482e-01
8.272178351879120317e-01,6.073431185849591518e-01,7.004304117588149303e-01
9.023959537347157056e-01,5.686940112752272292e-01,6.976965201233784608e-01
9.023959537347157056e-01,5.686940112752272292e-01,6.976965201233784608e-01
8.113512724637985674e-01,6.534262048809424961e-01,7.238753885708042457e-01
8.282197445631027666e-01,6.631356199798377205e-01,7.365407693540801937e-01
8.142711967229843140e-01,6.541928174055140488e-01,7.255068741095558327e-01
7.376168519258499146e-01,5.493357030593830626e-01,6.297035121792583512e-01
8.346956580877304965e-01,6.541027440972950746e-01,7.334461397056617482e-01
7.814310304820537567e-01,5.967989387719527805e-01,6.767480320683897377e-01
8.282197445631027666e-01,6.631356199798377205e-01,7.365407693540801937e-01
8.300055593252182451e-01,6.455129578061725715e-01,7.262251708466749278e-01
7.732076607644557953e-01,6.222920250633489081e-01,6.895894938538597030e-01
8.281169623136520608e-01,6.579108974208002225e-01,7.332664327605814547e-01
8.163112372159958552e-01,5.875165793558825289e-01,6.832695293787179880e-01
8.163112372159958552e-01,5.875165793558825289e-01,6.832695293787179880e-01
9.160212427377700806e-01,6.642472471405820311e-01,7.700774807674584110e-01
7.947625592350959778e-01,6.675719876841801348e-01,7.256358984656157141e-01
8.232691109180451106e-01,7.118915097742546383e-01,7.635400262646865333e-01
9.787478446960449219e-01,6.718283860785205786e-01,7.967527613934023423e-01
8.009450659155845642e-01,6.836766815040169476e-01,7.376794334098047967e-01
7.802581414580345154e-01,6.754391160680026651e-01,7.240748261997066448e-01
7.776853069663047791e-01,6.967484267746529847e-01,7.349954111260634804e-01
7.893162593245506287e-01,6.322651647213028969e-01,7.021154979624191217e-01
9.780718088150024414e-01,6.374571737719745279e-01,7.718572649744308567e-01
7.858779653906822205e-01,6.806935580765328675e-01,7.295137808363266751e-01
7.824017927050590515e-01,6.267035779793088679e-01,6.959507970188812953e-01
7.824017927050590515e-01,6.267035779793088679e-01,6.959507970188812953e-01
7.648737095296382904e-01,6.238371085476230871e-01,6.871936146039546722e-01
7.643831297755241394e-01,5.913074187733031728e-01,6.667973246626865969e-01
8.005301803350448608e-01,5.858045258634798635e-01,6.765382135119427653e-01
9.281172156333923340e-01,5.865137541817652123e-01,7.187935851176998625e-01
7.681370750069618225e-01,5.914116913939381215e-01,6.682882703132125846e-01
7.590418383479118347e-01,6.238371085476230871e-01,6.848299582037155053e-01
7.671860568225383759e-01,6.272120695259120193e-01,6.901735527588375163e-01
7.681370750069618225e-01,5.914116913939381215e-01,6.682882703132125846e-01
7.455355748534202576e-01,5.960051666878096732e-01,6.624369142180817072e-01
7.016638616720834998e-01,5.731494260263872986e-01,6.309288481089865286e-01
8.278063918863023396e-01,7.340953346711021066e-01,7.781396229506226669e-01
8.278063918863023396e-01,7.340953346711021066e-01,7.781396229506226669e-01
7.744395211338996887e-01,7.403692126274109553e-01,7.570212208451669866e-01
7.762503698468208313e-01,7.412321012467146808e-01,7.583371850357706334e-01
7.709384143352508989e-01,7.933555938303471500e-01,7.819863789273320265e-01
7.069151500860849646e-01,7.337974626570940018e-01,7.201055073146598318e-01
7.744395211338996887e-01,7.403692126274109553e-01,7.570212208451669866e-01
7.398785576224327087e-01,7.523518430069089380e-01,7.460630693407217517e-01
7.134640514850616455e-01,7.385361410677433458e-01,7.257836329180413770e-01
7.744395211338996887e-01,7.403692126274109553e-01,7.570212208451669866e-01
7.134640514850616455e-01,7.385361410677433458e-01,7.257836329180413770e-01
7.695635929703712463e-01,7.561740614473819733e-01,7.628100754457913801e-01
7.460240349173545837e-01,7.612278137356043306e-01,7.535492434152697427e-01
7.460240349173545837e-01,7.612278137356043306e-01,7.535492434152697427e-01
7.659161947667598724e-01,6.684041972575562873e-01,7.138455287623899359e-01
7.563199810683727264e-01,6.313771674137437229e-01,6.882238935601867613e-01
7.653532832860947543e-01,6.627738286605041607e-01,7.103795195793186634e-01
9.551136195659637451e-01,6.247823377338688200e-01,7.554144528020092508e-01
7.598776631057262421e-01,6.389345625478229929e-01,6.941776649678330635e-01
7.659161947667598724e-01,6.684041972575562873e-01,7.138455287623899359e-01
7.659161947667598724e-01,6.684041972575562873e-01,7.138455287623899359e-01
7.596510313451290131e-01,6.494515524821334873e-01,7.002421928881040758e-01
9.815705418586730957e-01,6.137938397737701113e-01,7.552907145636165165e-01
7.609648667275905609e-01,6.572880018293187909e-01,7.053369505575185494e-01
7.498490326106548309e-01,6.472117316521954766e-01,6.947601754884822345e-01
7.498490326106548309e-01,6.472117316521954766e-01,6.947601754884822345e-01
7.780546545982360840e-01,6.074329912662506104e-01,6.822378642233842827e-01
7.860179394483566284e-01,6.235569939017295837e-01,6.954252262565165932e-01
7.839833378791809526e-01,6.125561374486708788e-01,6.877482717237871634e-01
6.884540518124897535e-01,5.574749588814316148e-01,6.160798744258586535e-01
7.437716573476791382e-01,6.257579950045565331e-01,6.796801518590206426e-01
7.462877929210662842e-01,6.312035195985618019e-01,6.839382248641332485e-01
7.780546545982360840e-01,6.074329912662506104e-01,6.822378642233842827e-01
7.437716573476791382e-01,6.257579950045565331e-01,6.796801518590206426e-01
7.215016484260559082e-01,5.552298735295022603e-01,6.275387771319880237e-01
7.462877929210662842e-01,6.312035195985618019e-01,6.839382248641332485e-01
8.037887454032898171e-01,6.288484885376326439e-01,7.056375831584208447e-01
8.037887454032898171e-01,6.288484885376326439e-01,7.056375831584208447e-01
7.570420168340206146e-01,6.903429238767063714e-01,7.221556404229116932e-01
7.536985389888286591e-01,7.123083591039450768e-01,7.324191588247201956e-01
8.004512876272201760e-01,7.394765419358352299e-01,7.687567414514684394e-01
7.662900798022747040e-01,7.007639795401185978e-01,7.320636651181920973e-01
7.584784142673015594e-01,6.949353880899131752e-01,7.253178555505722658e-01
7.536985389888286591e-01,7.123083591039450768e-01,7.324191588247201956e-01
7.553727440536022186e-01,7.112636509228427162e-01,7.326549069468577535e-01
7.577953897416591644e-01,7.032999617030035733e-01,7.295313999282225792e-01
7.343381009995937347e-01,6.849451223212592588e-01,7.087821403785036223e-01
7.570420168340206146e-01,6.903429238767063714e-01,7.221556404229116932e-01
7.547908239066600800e-01,6.913746096334366653e-01,7.216922754901379244e-01
7.547908239066600800e-01,6.913746096334366653e-01,7.216922754901379244e-01
7.875671684741973877e-01,6.587561162188649844e-01,7.174256193706419760e-01
7.804277837276458740e-01,7.146959546953439713e-01,7.461169475515362359e-01
8.066030740737915039e-01,7.259582551196217537e-01,7.641588614752701236e-01
9.700232346852619703e-01,6.901183953508734925e-01,8.064744188837498218e-01
7.727315723896026611e-01,6.467539871111512850e-01,7.041526024194532107e-01
7.848057597875595093e-01,7.150921123102307320e-01,7.483288281952197307e-01
7.632438242435455322e-01,7.034074617549777031e-01,7.321050426050017546e-01
7.892926037311553955e-01,7.112837156280875650e-01,7.482604765339633257e-01
9.698774019877115515e-01,7.093801757320762347e-01,8.194237870224083675e-01
7.727315723896026611e-01,6.467539871111512850e-01,7.041526024194532107e-01
7.774620801210403442e-01,6.695438116788864358e-01,7.194786524504510616e-01
7.774620801210403442e-01,6.695438116788864358e-01,7.194786524504510616e-01
7.603757604956626892e-01,6.403905326581519342e-01,6.952443682633581146e-01
7.795707955956459045e-01,7.005873759803564749e-01,7.379717499998663666e-01
8.240960180759430154e-01,7.370674284579961100e-01,7.781559761654393004e-01
7.137882411479949951e-01,6.390191355477208290e-01,6.743374595378407443e-01
7.830810472369194031e-01,6.964693390156911912e-01,7.372401027127916118e-01
7.795707955956459045e-01,7.005873759803564749e-01,7.379717499998663666e-01
7.795707955956459045e-01,7.005873759803564749e-01,7.379717499998663666e-01
7.760248854756355286e-01,6.864806609633176127e-01,7.285115295493120868e-01
5.856914967298507690e-01,5.922331636690575385e-01,5.889441654526827996e-01
7.830810472369194031e-01,6.964693390156911912e-01,7.372401027127916118e-01
7.517677024006843567e-01,6.394818386305932689e-01,6.910935506191528965e-01
7.517677024006843567e-01,6.394818386305932689e-01,6.910935506191528965e-01
7.524538077414035797e-01,6.231889598899417182e-01,6.817480771101707138e-01
7.472742386162281036e-01,6.191379661913271049e-01,6.771980675468066702e-01
7.895583301782608254e-01,7.262496537632412430e-01,7.565819285722591436e-01
7.559723295271396637e-01,6.320520662599139472e-01,6.884805113846917957e-01
8.058727055788040827e-01,6.779650202503910705e-01,7.364060040347863989e-01
7.565229125320911407e-01,6.759584745875111267e-01,7.139751741891177117e-01
7.527277357876300812e-01,6.790058294932047600e-01,7.139687620870549534e-01
7.958595424890518855e-01,6.734558602174123276e-01,7.295591835652682766e-01
7.527277357876300812e-01,6.790058294932047600e-01,7.139687620870549534e-01
8.303592527906099585e-01,6.973246779706743226e-01,7.580494720051631496e-01
8.483642879873514175e-01,7.785586602158016678e-01,8.119639152669796411e-01
8.483642879873514175e-01,7.785586602158016678e-01,8.119639152669796411e-01
7.594397887587547302e-01,5.795202484587207437e-01,6.573918904786978379e-01
7.581782564520835876e-01,5.770057254703715444e-01,6.553002444952991112e-01
8.009661495685578281e-01,5.972365470370277762e-01,6.842588111483377533e-01
6.883571048577625806e-01,5.292845866642892361e-01,5.984302414393297687e-01
8.153314411640167902e-01,6.060166967799887061e-01,6.952617076205021007e-01
7.652776613831520081e-01,5.553412251174449921e-01,6.436228322520523015e-01
7.576496526598930359e-01,5.747680034255608916e-01,6.536580721014816353e-01
7.594397887587547302e-01,5.795202484587207437e-01,6.573918904786978379e-01
7.581782564520835876e-01,5.770057254703715444e-01,6.553002444952991112e-01
7.594397887587547302e-01,5.795202484587207437e-01,6.573918904786978379e-01
7.979009697834650305e-01,6.114304447546601295e-01,6.923296249445536343e-01
7.979009697834650305e-01,6.114304447546601295e-01,6.923296249445536343e-01
7.664500288665294647e-01,7.127117148923629575e-01,7.386047087245475318e-01
7.660522423684597015e-01,7.168173746643017319e-01,7.406174500075806133e-01
7.857694476842880249e-01,7.348033076494323579e-01,7.594322431241553595e-01
7.401913218200206757e-01,6.792305305752218691e-01,7.084018657294732790e-01
7.664500288665294647e-01,7.127117148923629575e-01,7.386047087245475318e-01
7.436541430652141571e-01,6.629391094403607188e-01,7.009807767200756379e-01
7.700317166745662689e-01,7.190018003540379343e-01,7.436423482576153265e-01
7.671742402017116547e-01,6.070555404436831504e-01,6.777867567116789838e-01
7.695150636136531830e-01,6.781502594905239878e-01,7.209495616742250812e-01
7.700317166745662689e-01,7.190018003540379343e-01,7.436423482576153265e-01
7.823273509740830134e-01,7.374872358477845280e-01,7.592458193265375632e-01
7.823273509740830134e-01,7.374872358477845280e-01,7.592458193265375632e-01
7.691620066761970520e-01,4.702252745088459918e-01,5.836422903828236697e-01
7.730760201811790466e-01,4.637352303210375837e-01,5.797207716679767531e-01
8.209183752536773904e-01,5.608721586025279260e-01,6.664255542120023357e-01
7.290227115154266357e-01,4.413659998580165555e-01,5.498443976097797670e-01
7.786569073796272278e-01,5.225149291581001609e-01,6.253745237532036816e-01
7.637779638171195984e-01,4.702226271231969013e-01,5.820834824904267402e-01
7.786569073796272278e-01,5.225149291581001609e-01,6.253745237532036816e-01
7.809229269623756409e-01,5.225256854749243951e-01,6.261118141835887441e-01
7.290752430756886060e-01,4.783894319249236138e-01,5.777094743833022239e-01
8.051055610179901345e-01,5.080947580652824813e-01,6.230122081115779809e-01
7.727511152625083923e-01,5.218457000303096116e-01,6.229844565192378392e-01
7.727511152625083923e-01,5.218457000303096116e-01,6.229844565192378392e-01
8.108018413186073303e-01,6.393474253833804077e-01,7.149389123536150636e-01
7.580839296181995923e-01,6.055065287738784496e-01,6.732589919757157038e-01
8.460388004779816340e-01,6.487671993991249719e-01,7.343858978545988458e-01
8.145553097128868103e-01,6.432760668616009925e-01,7.188539693864467450e-01
8.495823204517365390e-01,6.637012413424304702e-01,7.452256205543796863e-01
7.986353114247322083e-01,6.232852794421025466e-01,7.001482873952030728e-01
8.419053852558135986e-01,6.564098238690286857e-01,7.376751731338914153e-01
8.617204378048578528e-01,6.524126508042343842e-01,7.425996027824693924e-01
7.925806567072868347e-01,6.042626605838792297e-01,6.857274404662997425e-01
8.107652887701988220e-01,6.183458050856224242e-01,7.016016002891147796e-01
8.285914446626390095e-01,6.481736564738119766e-01,7.273616447146475927e-01
8.285914446626390095e-01,6.481736564738119766e-01,7.273616447146475927e-01
7.581481784582138062e-01,7.029753029346466064e-01,7.295200607041829599e-01
7.602680027484893799e-01,7.050311842239370685e-01,7.316084729601661785e-01
7.997027635574340820e-01,7.521567927563891365e-01,7.752014199333157052e-01
7.602680027484893799e-01,7.050311842239370685e-01,7.316084729601661785e-01
7.602680027484893799e-01,7.050311842239370685e-01,7.316084729601661785e-01
7.602680027484893799e-01,7.050311842239370685e-01,7.316084729601661785e-01
7.602680027484893799e-01,7.050311842239370685e-01,7.316084729601661785e-01
7.602680027484893799e-01,7.050311842239370685e-01,7.316084729601661785e-01
7.602680027484893799e-01,7.050311842239370685e-01,7.316084729601661785e-01
7.602680027484893799e-01,7.050311842239370685e-01,7.316084729601661785e-01
9.313828498125076294e-01,7.202633378260275832e-01,8.123300561835448130e-01
9.313828498125076294e-01,7.202633378260275832e-01,8.123300561835448130e-01
7.833120450377464294e-01,6.984223854541778964e-01,7.384355196074187111e-01
7.786241993308067322e-01,6.420495104789734064e-01,7.037721365229779868e-01
8.209252655506134033e-01,7.560309109091758462e-01,7.871428332217996759e-01
5.751721411943435669e-01,5.277604607492685229e-01,5.504472598088806512e-01
7.819082066416740417e-01,6.434486708045006331e-01,7.059534411566552592e-01
7.810341492295265198e-01,6.445302671194076405e-01,7.062467932828497830e-01
7.833120450377464294e-01,6.984223854541778964e-01,7.384355196074187111e-01
7.810341492295265198e-01,6.445302671194076405e-01,7.062467932828497830e-01
9.539635976155598218e-01,6.441298061609268544e-01,7.690118559586185398e-01
7.815978452563285828e-01,6.788076421618461920e-01,7.265853148705789799e-01
7.720166817307472229e-01,6.728161323070526167e-01,7.190109095418384388e-01
7.720166817307472229e-01,6.728161323070526167e-01,7.190109095418384388e-01
7.300552465021610260e-01,6.403914439551373627e-01,6.822901419369149512e-01
7.229535020887851715e-01,6.310250232828423789e-01,6.738685170250746648e-01
7.652323633432388528e-01,6.619708091020584106e-01,7.098659763283563517e-01
6.903926183780033643e-01,6.213994904401454189e-01,6.540817228276250006e-01
7.659650780260562897e-01,6.857278131424112688e-01,7.236290280039816558e-01
7.149819470942020416e-01,6.241799482005707667e-01,6.665025285884031980e-01
7.229535020887851715e-01,6.310250232828423789e-01,6.738685170250746648e-01
7.479752190411090851e-01,6.475509302096164044e-01,6.941497285792403993e-01
9.617561697959899902e-01,6.765135685180095892e-01,7.943027735377635734e-01
7.454382069408893585e-01,6.628887566163184086e-01,7.017441530555079687e-01
7.608160287141800815e-01,6.884705655752344500e-01,7.228376273560640497e-01
7.608160287141800815e-01,6.884705655752344500e-01,7.228376273560640497e-01
8.518184036016465122e-01,7.176121637551453603e-01,7.789771149475323009e-01
8.873831741511821747e-01,7.292242078994312093e-01,8.005670386743527489e-01
7.677775993943214417e-01,5.306848613613278642e-01,6.275852574956866103e-01
7.540698423981666565e-01,5.620008879986992945e-01,6.440199774263105637e-01
8.873831741511821747e-01,7.292242078994312093e-01,8.005670386743527489e-01
7.493255957961082458e-01,5.519368012510511567e-01,6.356602225312031340e-01
8.873831741511821747e-01,7.292242078994312093e-01,8.005670386743527489e-01
8.901769779622554779e-01,6.287330055106294946e-01,7.369543328840323371e-01
7.496693804860115051e-01,5.794645391241477483e-01,6.536690030245040361e-01
8.907273374497890472e-01,7.320658389995567950e-01,8.036403715188717989e-01
7.641794905066490173e-01,5.468325589368813189e-01,6.374895279691820127e-01
7.641794905066490173e-01,5.468325589368813189e-01,6.374895279691820127e-01
7.466266006231307983e-01,5.543061176351472552e-01,6.362507245856974247e-01
7.490233480930328369e-01,5.474375869129217698e-01,6.325582563266420877e-01
7.994581699371338113e-01,5.819421678635419148e-01,6.735750785614263991e-01
9.172947704792022705e-01,5.210176177468954783e-01,6.645659732878985704e-01
7.915001660585403442e-01,6.035823385212935044e-01,6.848849721808942803e-01
7.715737819671630859e-01,5.558205206020205846e-01,6.461629982075451917e-01
8.010330557823182041e-01,6.087859923786976823e-01,6.918018371629829355e-01
7.551081925630569458e-01,5.576164271025096930e-01,6.415065674933655426e-01
7.382024129231770093e-01,5.802737998173517209e-01,6.497796699583979763e-01
7.841528803110122681e-01,5.908001703666705406e-01,6.738814173370102356e-01
7.194775342941284180e-01,5.489287098833158796e-01,6.227371971764820158e-01
7.194775342941284180e-01,5.489287098833158796e-01,6.227371971764820158e-01
7.593294680118560791e-01,6.399772764837488026e-01,6.945633711888506978e-01
7.682623267173767090e-01,6.228232686506940396e-01,6.879399155602624605e-01
7.820179104804992898e-01,6.569405797314136208e-01,7.140432513737773323e-01
9.514665305614471436e-01,5.866412709050989882e-01,7.257872747021142379e-01
8.214931845664978916e-01,6.359657700708571948e-01,7.169211099475353288e-01
7.643202692270278931e-01,6.329175003982604464e-01,6.924400196147411091e-01
7.593294680118560791e-01,6.399772764837488026e-01,6.945633711888506978e-01
7.595786452293395996e-01,6.078389930598279145e-01,6.752896934159835496e-01
9.568842649459838867e-01,5.301785938283229971e-01,6.823108398573844990e-01
7.467733919620513916e-01,6.108642074655978860e-01,6.720160614726776727e-01
7.759370684623718706e-01,6.242158691933814563e-01,6.918561802834832797e-01
7.759370684623718706e-01,6.242158691933814563e-01,6.918561802834832797e-01
8.812727034091949463e-01,7.354799687393068774e-01,8.018028131573913253e-01
8.876725931962330396e-01,7.267469214055481963e-01,7.991892051435813826e-01
8.957459671156746683e-01,7.704258211485044416e-01,8.283729530368636462e-01
8.650516033172608310e-01,7.067017752941199271e-01,7.779000345784992110e-01
8.886093993981678540e-01,7.263219963143190405e-01,7.993114192071247848e-01
8.210385203361512119e-01,6.995330464652204094e-01,7.554311680366567749e-01
8.816129763921101148e-01,7.560011102693287022e-01,8.139895649518498200e-01
8.876725931962330396e-01,7.267469214055481963e-01,7.991892051435813826e-01
8.075206130743026733e-01,6.727232436730167242e-01,7.339843143870581343e-01
8.816129763921101148e-01,7.560011102693287022e-01,8.139895649518498200e-01
8.250431418418884277e-01,5.865269680544147324e-01,6.856337479888410247e-01
8.250431418418884277e-01,5.865269680544147324e-01,6.856337479888410247e-01
7.710243910551071167e-01,5.404052696745805795e-01,6.354372734592247385e-01
7.787767499685287476e-01,5.556404131906803601e-01,6.485525622457551931e-01
8.249365687370300293e-01,5.611785784965813706e-01,6.679628772798802405e-01
9.463004469871520996e-01,5.068034228840561095e-01,6.600881266007611048e-01
7.764843553304672241e-01,5.456833659925244273e-01,6.409392542623656430e-01
7.740705460309982300e-01,4.529212903645303823e-01,5.714675846115743196e-01
7.718925774097442627e-01,5.377990473626238499e-01,6.339249407193722208e-01
7.742426991462707520e-01,5.356605924063860824e-01,6.332243083371760228e-01
9.679752786954243238e-01,5.681127783550758981e-01,7.159994798925871651e-01
7.718925774097442627e-01,5.377990473626238499e-01,6.339249407193722208e-01
7.714686691761016846e-01,4.933911370809632713e-01,6.018624388634821187e-01
7.714686691761016846e-01,4.933911370809632713e-01,6.018624388634821187e-01
7.886645868420600891e-01,6.483045951070556256e-01,7.116295632094084000e-01
7.877368405461311340e-01,6.800624512764344987e-01,7.299502728024410692e-01
8.179327428340912309e-01,7.060109193784644965e-01,7.578619368640439058e-01
9.733116626739501953e-01,5.963415678096822825e-01,7.395597850712473109e-01
7.676711007952690125e-01,6.602873681898576708e-01,7.099415589303090801e-01
7.877368405461311340e-01,6.800624512764344987e-01,7.299502728024410692e-01
7.877368405461311340e-01,6.800624512764344987e-01,7.299502728024410692e-01
7.877368405461311340e-01,6.800624512764344987e-01,7.299502728024410692e-01
9.682784080505371094e-01,5.919294888041465308e-01,7.347130395287702065e-01
7.820732817053794861e-01,6.474119589989444368e-01,7.083998924537919795e-01
7.800457552075386047e-01,7.036184011453605613e-01,7.398635934543734693e-01
7.800457552075386047e-01,7.036184011453605613e-01,7.398635934543734693e-01
7.757062315940856934e-01,4.699468787897516098e-01,5.853005453228800059e-01
7.733980566263198853e-01,5.307786259570239640e-01,6.295207747478146487e-01
8.115487098693847656e-01,5.607975460129018819e-01,6.632648619310620441e-01
7.682137787342071533e-01,5.261430870051736486e-01,6.245423958750940807e-01
7.682137787342071533e-01,5.261430870051736486e-01,6.245423958750940807e-01
7.682137787342071533e-01,5.261430870051736486e-01,6.245423958750940807e-01
7.682137787342071533e-01,5.261430870051736486e-01,6.245423958750940807e-01
7.733980566263198853e-01,5.307786259570239640e-01,6.295207747478146487e-01
7.682137787342071533e-01,5.261430870051736486e-01,6.245423958750940807e-01
7.733980566263198853e-01,5.307786259570239640e-01,6.295207747478146487e-01
7.865887165069580522e-01,4.731974541956995295e-01,5.909126275652807347e-01
7.865887165069580522e-01,4.731974541956995295e-01,5.909126275652807347e-01
7.263646821180979041e-01,5.759377409646539991e-01,6.424634197413663372e-01
7.199387451012928540e-01,5.784722317332102737e-01,6.414988474685926478e-01
8.269938409328461137e-01,6.596863387543477897e-01,7.339258928065793830e-01
9.626995921134948730e-01,5.637317077935110055e-01,7.110759392673877688e-01
7.195115387439727783e-01,5.614593837548185196e-01,6.307348559632169893e-01
7.766485735774040222e-01,5.987838835995873410e-01,6.762159009003458898e-01
7.857790365815162659e-01,6.405944967711413307e-01,7.057979060072705479e-01
7.213343282540638501e-01,6.073399577979687880e-01,6.594470369134439736e-01
9.830726385116577148e-01,6.194036088331981160e-01,7.599722505069422818e-01
7.153482933839161451e-01,5.810752759377161292e-01,6.412583306968691055e-01
7.912702038884162903e-01,6.468193455610745657e-01,7.117899933797681156e-01
7.912702038884162903e-01,6.468193455610745657e-01,7.117899933797681156e-01
7.497086394578218460e-01,6.319392544714963478e-01,6.858047130118561929e-01
7.512297797948122025e-01,6.035801416951906972e-01,6.693593983066288278e-01
7.955935850739479509e-01,6.682532971393163601e-01,7.263847645113185036e-01
7.497086394578218460e-01,6.319392544714963478e-01,6.858047130118561929e-01
7.497086394578218460e-01,6.319392544714963478e-01,6.858047130118561929e-01
7.565124202519655228e-01,6.038503170472709902e-01,6.716153747731796742e-01
7.512297797948122025e-01,6.035801416951906972e-01,6.693593983066288278e-01
7.512297797948122025e-01,6.035801416951906972e-01,6.693593983066288278e-01
7.625875491648912430e-01,6.139127187277764186e-01,6.802210017619482185e-01
6.906113649408022193e-01,5.509148650126506341e-01,6.129037916610572401e-01
7.850056543946266618e-01,6.343202681012757305e-01,7.016640635731847819e-01
7.850056543946266618e-01,6.343202681012757305e-01,7.016640635731847819e-01
7.605046480894088745e-01,6.344109883165767183e-01,6.917586882269778359e-01
7.923648655414581299e-01,6.225191115314125945e-01,6.972476614316358567e-01
8.142924427986145686e-01,7.321489748791752961e-01,7.710390712919762413e-01
7.880100160837173462e-01,7.059443126886320030e-01,7.447231531543638816e-01
7.769791930913925171e-01,6.521386539834178597e-01,7.091062030928769744e-01
7.915998846292495728e-01,7.061504660508571840e-01,7.464376519129783949e-01
7.732314616441726685e-01,6.759315245171898523e-01,7.213150289716327990e-01
7.724664807319641113e-01,6.655539383745601167e-01,7.150358947377514207e-01
7.724664807319641113e-01,6.655539383745601167e-01,7.150358947377514207e-01
7.672314196825027466e-01,6.321831579901214804e-01,6.931909807753851016e-01
8.133430480957031250e-01,6.629703742826087431e-01,7.304984657627641154e-01
8.133430480957031250e-01,6.629703742826087431e-01,7.304984657627641154e-01
7.666638456284999847e-01,5.633537785003059906e-01,6.494695505366672172e-01
7.545084469020366669e-01,5.580191996536756349e-01,6.415563143025057036e-01
8.149959892034530640e-01,6.212632480420564596e-01,7.050636017002493983e-01
7.019577572743097571e-01,5.405754085434110179e-01,6.107862741338582202e-01
7.530111782252788544e-01,6.107077998550314302e-01,6.744348466390895913e-01
7.545084469020366669e-01,5.580191996536756349e-01,6.415563143025057036e-01
7.674162350594997406e-01,5.939480769006829641e-01,6.696303010024605706e-01
7.530111782252788544e-01,6.107077998550314302e-01,6.744348466390895913e-01
9.504629969596862793e-01,5.362078382780677277e-01,6.856201075358320240e-01
7.651665769517421722e-01,6.166718945691459508e-01,6.829404918079621245e-01
7.993793934583663940e-01,5.839323164601074589e-01,6.748782036698435238e-01
7.993793934583663940e-01,5.839323164601074589e-01,6.748782036698435238e-01
7.566721141338348389e-01,7.041002190313661036e-01,7.294401587441727841e-01
7.566721141338348389e-01,7.041002190313661036e-01,7.294401587441727841e-01
7.986566424369812012e-01,7.293149381875991821e-01,7.624123736305992161e-01
7.636875659227371216e-01,6.237970296150217031e-01,6.866901970783937381e-01
7.831998467445373535e-01,6.875328865761940467e-01,7.322549355143453953e-01
7.680125087499618530e-01,6.628506229473994926e-01,7.115671074037864807e-01
7.566721141338348389e-01,7.041002190313661036e-01,7.294401587441727841e-01
7.566721141338348389e-01,7.041002190313661036e-01,7.294401587441727841e-01
7.566721141338348389e-01,7.041002190313661036e-01,7.294401587441727841e-01
7.630915641784667969e-01,6.599375580509121431e-01,7.077757939967356249e-01
7.928698539733887163e-01,7.284060519618483776e-01,7.592721317666218939e-01
7.928698539733887163e-01,7.284060519618483776e-01,7.592721317666218939e-01
7.728879451751708984e-01,6.457150017221768845e-01,7.036011618914934651e-01
7.728879451751708984e-01,6.457150017221768845e-01,7.036011618914934651e-01
8.088696837425232156e-01,6.766577715675036186e-01,7.368802989581917373e-01
7.245346705118814734e-01,6.059868959916963060e-01,6.599795554996451541e-01
7.880408763885498047e-01,6.289259345995055206e-01,6.995496871795962024e-01
7.846786826848983765e-01,6.031147879030969161e-01,6.820198067066445269e-01
7.728879451751708984e-01,6.457150017221768845e-01,7.036011618914934651e-01
7.952304780483245850e-01,6.327087703678343500e-01,7.047208744812686332e-01
9.498060047626495361e-01,5.933341605795754425e-01,7.303968378326889388e-01
7.739798128604888916e-01,6.516846156782574173e-01,7.075869002408923247e-01
8.397525350252786902e-01,6.335799018541972139e-01,7.222407046844284695e-01
8.397525350252786902e-01,6.335799018541972139e-01,7.222407046844284695e-01
7.840724624693393707e-01,6.108720488143416505e-01,6.867197192335440237e-01
7.852846719324588776e-01,6.207265512279743769e-01,6.933757542064886703e-01
8.257248431444168535e-01,6.641822845306036838e-01,7.361959715826764672e-01
9.582634568214416504e-01,5.679013754399316882e-01,7.131590555082585325e-01
7.823303379118442535e-01,6.523304895128844150e-01,7.114405335885413129e-01
7.867031730711460114e-01,6.190553228810148356e-01,6.928825800724888184e-01
7.829634435474872589e-01,5.736572178748418072e-01,6.621639246629927866e-01
7.869677431881427765e-01,5.783370317153210260e-01,6.667120734025360207e-01
9.805173079172769812e-01,6.329986013050349358e-01,7.693337027785061011e-01
7.823303379118442535e-01,6.523304895128844150e-01,7.114405335885413129e-01
8.289904917279878882e-01,6.611200526075542427e-01,7.355994353382111495e-01
8.289904917279878882e-01,6.611200526075542427e-01,7.355994353382111495e-01
8.083403557538986206e-01,6.372425027039585466e-01,7.126659372355022004e-01
8.083403557538986206e-01,6.372425027039585466e-01,7.126659372355022004e-01
8.130835175514221635e-01,7.318297370660060697e-01,7.703198805291006090e-01
7.766764163970947266e-01,4.923663183105919106e-01,6.026736487297041922e-01
7.905425429344177246e-01,6.290620659687080618e-01,7.006180765765840368e-01
7.763415972391763953e-01,5.912631417491606145e-01,6.712790015538422361e-01
7.836785912513732910e-01,6.977526404115618197e-01,7.382236780114993513e-01
7.538650184869766235e-01,6.277821912449232933e-01,6.850707327820428905e-01
7.846684306859970093e-01,6.880265459114190962e-01,7.331765486128942744e-01
7.942044883966445923e-01,6.113434671139229559e-01,6.908789182614177848e-01
8.074147939682007058e-01,6.832527128257313009e-01,7.401628409287706045e-01
8.074147939682007058e-01,6.832527128257313009e-01,7.401628409287706045e-01
7.997429147362709045e-01,6.292642541229724884e-01,7.043346453375579630e-01
8.203681334853172302e-01,6.450996811812121923e-01,7.222529434848479202e-01
8.336567461490631548e-01,6.695540944735208777e-01,7.426480340421141024e-01
7.767852048079172400e-01,5.991218971709409979e-01,6.764832086839367431e-01
8.291271850466728210e-01,6.057556603724757460e-01,7.000550422832684250e-01
8.291271850466728210e-01,6.057556603724757460e-01,7.000550422832684250e-01
8.203681334853172302e-01,6.450996811812121923e-01,7.222529434848479202e-01
7.997429147362709045e-01,6.292642541229724884e-01,7.043346453375579630e-01
7.465589344501495361e-01,5.199965306868155057e-01,6.130139051199668954e-01
8.203681334853172302e-01,6.450996811812121923e-01,7.222529434848479202e-01
7.797195017337799072e-01,6.051429427849749354e-01,6.814276113754833553e-01
7.797195017337799072e-01,6.051429427849749354e-01,6.814276113754833553e-01
7.940292805433273315e-01,6.383624781514996016e-01,7.077372460092210549e-01
7.958737611770629883e-01,6.384153544345748665e-01,7.085015479746699096e-01
8.203496575355530007e-01,6.758775660924821738e-01,7.411386734903703255e-01
9.820679028828938062e-01,6.120544806401305715e-01,7.541190895569029884e-01
7.962259352207183838e-01,6.339934884666281745e-01,7.059085479020024145e-01
7.736911475658416748e-01,5.928651404297240468e-01,6.713144784159018608e-01
7.958737611770629883e-01,6.384153544345748665e-01,7.085015479746699096e-01
7.962259352207183838e-01,6.339934884666281745e-01,7.059085479020024145e-01
7.379492322603861121e-01,6.105909142817291801e-01,6.682561102459509961e-01
7.940292805433273315e-01,6.383624781514996016e-01,7.077372460092210549e-01
8.070812344551087092e-01,6.141042926601160135e-01,6.974909906525155190e-01
8.070812344551087092e-01,6.141042926601160135e-01,6.974909906525155190e-01
8.104304472605387000e-01,5.674627856828096117e-01,6.675250421576586213e-01
8.450665275255838660e-01,5.204219682890129928e-01,6.441521652332391490e-01
7.997949272394180298e-01,5.300685079020308610e-01,6.375784046793034898e-01
8.028412461280822754e-01,5.157462310368620129e-01,6.280392525822544592e-01
8.493597030639649104e-01,5.683968951852302887e-01,6.810385064872058747e-01
7.452507913112640381e-01,4.903624126702312291e-01,5.915167867974051585e-01
7.754633277654647827e-01,4.799078971616865252e-01,5.928939067016191222e-01
7.754633277654647827e-01,4.799078971616865252e-01,5.928939067016191222e-01
7.717033773660659790e-01,5.225795630629607169e-01,6.231657718126031309e-01
7.754633277654647827e-01,4.799078971616865252e-01,5.928939067016191222e-01
8.283947825431824397e-01,5.218528579539201129e-01,6.403272582281600567e-01
8.283947825431824397e-01,5.218528579539201129e-01,6.403272582281600567e-01
7.636491730809211731e-01,5.445135861908624308e-01,6.357272394108705038e-01
7.568042203783988953e-01,5.878547337077080215e-01,6.617156597031430554e-01
7.808559238910675049e-01,6.305830143733855975e-01,6.977198501892076798e-01
9.645896553993225098e-01,5.555330118454924193e-01,7.050238878816628141e-01
7.261486470699310969e-01,5.891643933473377226e-01,6.505233567747863432e-01
7.600027099251747131e-01,5.097637224361437625e-01,6.102253148282485995e-01
7.613489180803298950e-01,5.925532074969843688e-01,6.664288871553234461e-01
7.651726230978965759e-01,6.337999069909436844e-01,6.933178842627681915e-01
9.814738035202026367e-01,5.166597043702362280e-01,6.769596467913239213e-01
7.651726230978965759e-01,6.337999069909436844e-01,6.933178842627681915e-01
7.950989902019500732e-01,6.458426994194678139e-01,7.127406776226120622e-01
7.950989902019500732e-01,6.458426994194678139e-01,7.127406776226120622e-01
7.433953993022441864e-01,6.632750880767087631e-01,7.010535208807334717e-01
7.433953993022441864e-01,6.632750880767087631e-01,7.010535208807334717e-01
7.889074057340622614e-01,6.804090006063219231e-01,7.306522913514493789e-01
7.503754310309886932e-01,6.682856870723552500e-01,7.069555288287378003e-01
7.503754310309886932e-01,6.682856870723552500e-01,7.069555288287378003e-01
7.433953993022441864e-01,6.632750880767087631e-01,7.010535208807334717e-01
7.433953993022441864e-01,6.632750880767087631e-01,7.010535208807334717e-01
7.486653588712215424e-01,6.162563050623800498e-01,6.760384276655800884e-01
7.433953993022441864e-01,6.632750880767087631e-01,7.010535208807334717e-01
7.433953993022441864e-01,6.632750880767087631e-01,7.010535208807334717e-01
7.433953993022441864e-01,6.632750880767087631e-01,7.010535208807334717e-01
7.433953993022441864e-01,6.632750880767087631e-01,7.010535208807334717e-01
7.791319847106934482e-01,6.758939871220912554e-01,7.238504794208282522e-01
7.918907850980758667e-01,5.953820822308364402e-01,6.797185984598663744e-01
8.268129348754883479e-01,7.165722136647955098e-01,7.677554440520146795e-01
7.313477993011474609e-01,6.205780018591185998e-01,6.714249488616224060e-01
8.362218260765076350e-01,6.924099935200607181e-01,7.575510881721382317e-01
7.911487817764282227e-01,6.623921290184686672e-01,7.210677347150399319e-01
7.926892340183258057e-01,6.696832009310860201e-01,7.260129511390400747e-01
8.329921364784240723e-01,6.899126807173477927e-01,7.547311314603619703e-01
8.911353151003519324e-01,6.098324946552803327e-01,7.241238203123665507e-01
8.329921364784240723e-01,6.899126807173477927e-01,7.547311314603619703e-01
8.250904679298400879e-01,7.167595598882841035e-01,7.671193306631646225e-01
8.250904679298400879e-01,7.167595598882841035e-01,7.671193306631646225e-01
7.961102351546287537e-01,6.589618441912362679e-01,7.210725519148885043e-01
7.890982851386070251e-01,6.527202088596685270e-01,7.144594130682495603e-01
8.295800387859344482e-01,6.689252867451254136e-01,7.406407649919444225e-01
7.335889240105946119e-01,6.422116752221899150e-01,6.848657749909506931e-01
7.892214134335517883e-01,6.662855830113842970e-01,7.225617614467253480e-01
7.892444059252738953e-01,6.650345695187460660e-01,7.218351122477562054e-01
7.890982851386070251e-01,6.527202088596685270e-01,7.144594130682495603e-01
7.791793718934059143e-01,6.468478165707497451e-01,7.068735848845093539e-01
9.614393115043640137e-01,5.652821687102880244e-01,7.119628643910884680e-01
7.791793718934059143e-01,6.468478165707497451e-01,7.068735848845093539e-01
8.074343383312225786e-01,6.560990700041348100e-01,7.239423650343200789e-01
8.074343383312225786e-01,6.560990700041348100e-01,7.239423650343200789e-01
8.580687344074249268e-01,5.965622419232055051e-01,7.038093045613111887e-01
8.731434941291809082e-01,5.869217941749699241e-01,7.019781241998097610e-01
8.861067380223954792e-01,6.406133971825430651e-01,7.436226648503199144e-01
8.726730446020761756e-01,6.489470720857004604e-01,7.443626841834595220e-01
8.515459418296814631e-01,5.249201053682761575e-01,6.494800019529716195e-01
8.710216184457142408e-01,5.904669539554964208e-01,7.038159470901950154e-01
8.908626096589223886e-01,6.728071623210665209e-01,7.666308515558234449e-01
8.515459418296814631e-01,5.249201053682761575e-01,6.494800019529716195e-01
7.583578824996948242e-01,4.958176103573810889e-01,5.996085798808246103e-01
8.908626096589223886e-01,6.728071623210665209e-01,7.666308515558234449e-01
8.007097393274307251e-01,4.973264705342582692e-01,6.135640062376201964e-01
8.007097393274307251e-01,4.973264705342582692e-01,6.135640062376201964e-01
7.660409122705460483e-01,6.934196369891816314e-01,7.279234941635583933e-01
7.602951265871524811e-01,5.617307638580149032e-01,6.461010564195770467e-01
7.660409122705460483e-01,6.934196369891816314e-01,7.279234941635583933e-01
7.572498209774494171e-01,6.605480853806842134e-01,7.056011539562400126e-01
8.056123286485672441e-01,7.100341247564011526e-01,7.548095974228028471e-01
7.570154108107089996e-01,6.595186869529160445e-01,7.049118133184716362e-01
7.602951265871524811e-01,5.617307638580149032e-01,6.461010564195770467e-01
8.056123286485672441e-01,7.100341247564011526e-01,7.548095974228028471e-01
7.570154108107089996e-01,6.595186869529160445e-01,7.049118133184716362e-01
7.602951265871524811e-01,5.617307638580149032e-01,6.461010564195770467e-01
7.867448002099991511e-01,6.824290152300487300e-01,7.308835395815426184e-01
7.867448002099991511e-01,6.824290152300487300e-01,7.308835395815426184e-01
7.316724359989166260e-01,6.872284502795572569e-01,7.087543875212142241e-01
7.333856374025344849e-01,6.245749298106418879e-01,6.746208896843677305e-01
7.739611804485321267e-01,7.166843471232424712e-01,7.442223560849643427e-01
9.259965419769287109e-01,5.032432506258568417e-01,6.520970270553941850e-01
7.333856374025344849e-01,6.245749298106418879e-01,6.746208896843677305e-01
7.333856374025344849e-01,6.245749298106418879e-01,6.746208896843677305e-01
7.316724359989166260e-01,6.872284502795572569e-01,7.087543875212142241e-01
7.289105206727981567e-01,6.355194811070903338e-01,6.790188360959328318e-01
9.047469496726989746e-01,6.342774698238694553e-01,7.457459398298296183e-01
7.361563146114349365e-01,6.264534040113513003e-01,6.768888007622535508e-01
7.735356807708740901e-01,7.474595296583818049e-01,7.602740786538014772e-01
7.735356807708740901e-01,7.474595296583818049e-01,7.602740786538014772e-01
8.605251858631769446e-01,7.447727526196781245e-01,7.984757171987402202e-01
8.687873234351475293e-01,7.524114651894716621e-01,8.064224418998583443e-01
8.751809213842663970e-01,7.767130380831889225e-01,8.230121896443806095e-01
9.626498818397521973e-01,5.055914958071263676e-01,6.629803533775221469e-01
8.691634684801101685e-01,7.353377874408448811e-01,7.966696685067115036e-01
8.687873234351475293e-01,7.524114651894716621e-01,8.064224418998583443e-01
8.610243548949558789e-01,7.587372956809049773e-01,8.066511394638035126e-01
8.609013309081394727e-01,7.235506109384275408e-01,7.862727388378053517e-01
8.341138422489167148e-01,7.243065608214146467e-01,7.753416564908557351e-01
8.609013309081394727e-01,7.235506109384275408e-01,7.862727388378053517e-01
8.745303196566445170e-01,7.582583653260461798e-01,8.122544413858939771e-01
8.745303196566445170e-01,7.582583653260461798e-01,8.122544413858939771e-01
7.045290768146514893e-01,5.586342096745551267e-01,6.231562431061200558e-01
8.196000506480534131e-01,6.181200933414738863e-01,7.047425215917983987e-01
8.054461538791657382e-01,5.086500592581875146e-01,6.235315645903848347e-01
7.429160699248313904e-01,5.514286895106722541e-01,6.330079090114044682e-01
8.114703118801117609e-01,6.008902050919465720e-01,6.904817237131994911e-01
7.527236118912696838e-01,5.220209859259479224e-01,6.164960772252882082e-01
8.196000506480534131e-01,6.181200933414738863e-01,7.047425215917983987e-01
8.232027639945347364e-01,6.228194777378356362e-01,7.091270116691753556e-01
7.429160699248313904e-01,5.514286895106722541e-01,6.330079090114044682e-01
8.232027639945347364e-01,6.228194777378356362e-01,7.091270116691753556e-01
8.144104133049646643e-01,5.995507796874621764e-01,6.906560105079136980e-01
8.144104133049646643e-01,5.995507796874621764e-01,6.906560105079136980e-01
7.601452767848968506e-01,6.473106089979410172e-01,6.992050081468208500e-01
9.541155099868774414e-01,6.432785821062597664e-01,7.684541660295105547e-01
8.123818039894104004e-01,6.998427022587169199e-01,7.519246971870905405e-01
7.140499750773111609e-01,6.284486367790537154e-01,6.685202196357503679e-01
7.102555433909097937e-01,6.534440542825243892e-01,6.806664204371711824e-01
7.315392792224884033e-01,6.238046740605073248e-01,6.733901317558165234e-01
9.736483295758564527e-01,6.603196959265253962e-01,7.869421664199655053e-01
7.063441673914591101e-01,6.166802168061787937e-01,6.584738414340142176e-01
9.526970088481903076e-01,6.193217905238270760e-01,7.506602562033690695e-01
7.063441673914591101e-01,6.166802168061787937e-01,6.584738414340142176e-01
7.983556985855102539e-01,7.100093937055631521e-01,7.515952847371977219e-01
7.983556985855102539e-01,7.100093937055631521e-01,7.515952847371977219e-01
7.515932321548461914e-01,5.853794123138393868e-01,6.581543853692031210e-01
7.733441442251205444e-01,5.854225848037917235e-01,6.663883037211355553e-01
7.961829423904419611e-01,6.207963285279703980e-01,6.976353961088287425e-01
6.728555560111999512e-01,5.682284910533879074e-01,6.161318376357071136e-01
7.493835985660552979e-01,5.993046334332173819e-01,6.659938927082403870e-01
7.733441442251205444e-01,5.854225848037917235e-01,6.663883037211355553e-01
7.493835985660552979e-01,5.993046334332173819e-01,6.659938927082403870e-01
7.370942980051040649e-01,5.769746451898738471e-01,6.472791602987781889e-01
7.161531150341033936e-01,5.900305495471567241e-01,6.470027569345588869e-01
7.493835985660552979e-01,5.993046334332173819e-01,6.659938927082403870e-01
7.809189200401306374e-01,5.750027872823380015e-01,6.623251965650533979e-01
7.809189200401306374e-01,5.750027872823380015e-01,6.623251965650533979e-01
7.464435994625091553e-01,6.301275429129600258e-01,6.833713954525484358e-01
7.603637576103210449e-01,6.507672470062971781e-01,7.013095561568597480e-01
7.840555191040039507e-01,6.056999120116234314e-01,6.834329959082005024e-01
6.635503967603046949e-01,5.550330166518688824e-01,6.044598578330480088e-01
7.438203841447830200e-01,6.247220033407211437e-01,6.790888828257292120e-01
7.489023059606552124e-01,6.144058865308761330e-01,6.750197611265833508e-01
7.427548617124557495e-01,6.194118286669254569e-01,6.754990419218454001e-01
7.438203841447830200e-01,6.247220033407211437e-01,6.790888828257292120e-01
9.825503230094909668e-01,5.766808058321476471e-01,7.267914314469769987e-01
7.550772726535797119e-01,6.502945380657911834e-01,6.987796716555687571e-01
7.998062173525491980e-01,6.711759493499994678e-01,7.298670362958644686e-01
7.998062173525491980e-01,6.711759493499994678e-01,7.298670362958644686e-01
7.825178503990173340e-01,7.288992584392589569e-01,7.547574756643273819e-01
7.839549034833908081e-01,6.636240975831144695e-01,7.187882181030909035e-01
8.187262058258056863e-01,7.829639732196767010e-01,8.004458433708614429e-01
7.825178503990173340e-01,7.288992584392589569e-01,7.547574756643273819e-01
7.761801183223724365e-01,7.235829605851122892e-01,7.489592401116177411e-01
7.819749116897583008e-01,7.250152307171976451e-01,7.524186191533955848e-01
7.825178503990173340e-01,7.288992584392589569e-01,7.547574756643273819e-01
7.761801183223724365e-01,7.235829605851122892e-01,7.489592401116177411e-01
7.819749116897583008e-01,7.250152307171976451e-01,7.524186191533955848e-01
7.761801183223724365e-01,7.235829605851122892e-01,7.489592401116177411e-01
7.900800108909606934e-01,7.142784475318847415e-01,7.502694859000765826e-01
7.900800108909606934e-01,7.142784475318847415e-01,7.502694859000765826e-01
7.864980012178421909e-01,6.918206214904785156e-01,7.361275541624604513e-01
8.040004640817642878e-01,6.083671483008757930e-01,6.926347861246322513e-01
8.005526095628738847e-01,6.689050068026003437e-01,7.288317033191776817e-01
7.634424902498722076e-01,6.439574780671493137e-01,6.986279831432706811e-01
8.066730767488480280e-01,7.034362173598746049e-01,7.515258133540201335e-01
7.515123225748538971e-01,6.711495026298190947e-01,7.090611592726620005e-01
8.066730767488480280e-01,7.034362173598746049e-01,7.515258133540201335e-01
8.066730767488480280e-01,7.034362173598746049e-01,7.515258133540201335e-01
7.634424902498722076e-01,6.439574780671493137e-01,6.986279831432706811e-01
8.066730767488480280e-01,7.034362173598746049e-01,7.515258133540201335e-01
7.622969932854175568e-01,6.243992086337960545e-01,6.864915887020890395e-01
7.622969932854175568e-01,6.243992086337960545e-01,6.864915887020890395e-01
7.834132313728332520e-01,7.710691458649105989e-01,7.771921766618185012e-01
7.828933596611022949e-01,7.486044234699673616e-01,7.653650414685676528e-01
8.228180646896362527e-01,7.894514110353257896e-01,8.057894687890260199e-01
9.533339937527973706e-01,7.400034425159295326e-01,8.332307809824786027e-01
8.260167717933655229e-01,7.023506005605062441e-01,7.591805298075868791e-01
7.828933596611022949e-01,7.486044234699673616e-01,7.653650414685676528e-01
7.793248891830444336e-01,7.467622862921821092e-01,7.626961884788855395e-01
7.793248891830444336e-01,7.467622862921821092e-01,7.626961884788855395e-01
7.834132313728332520e-01,7.710691458649105989e-01,7.771921766618185012e-01
7.793248891830444336e-01,7.467622862921821092e-01,7.626961884788855395e-01
7.789954841136932373e-01,7.585482342375650111e-01,7.686358988050370211e-01
7.789954841136932373e-01,7.585482342375650111e-01,7.686358988050370211e-01
7.790572904050350189e-01,7.521209359953278106e-01,7.653521821962083749e-01
7.781317643821239471e-01,7.211993607251266925e-01,7.485846476936969252e-01
8.208958953619003296e-01,8.326517194509506226e-01,8.267320186490970668e-01
7.106417963902155188e-01,6.910370239301730777e-01,7.007023077449912041e-01
7.793688438832759857e-01,8.105429938357127106e-01,7.946502957418466462e-01
7.781393490731716156e-01,8.082241090504745928e-01,7.928964562328706389e-01
7.799568586051464081e-01,7.841211808355230684e-01,7.820334760136906649e-01
7.782812379300594330e-01,8.098500753311733691e-01,7.937518943218777601e-01
9.743530551592508582e-01,8.031399784315572665e-01,8.805006567305281306e-01
7.779696844518184662e-01,7.500768574444870440e-01,7.637686943442570930e-01
7.941216915845871194e-01,7.955834485198322037e-01,7.948518979988571376e-01
7.941216915845871194e-01,7.955834485198322037e-01,7.948518979988571376e-01
7.386173605918884277e-01,7.063159001144495575e-01,7.221055810309097156e-01
7.449545264244079590e-01,6.044731898741289022e-01,6.674014968865674691e-01
7.842210888862610751e-01,7.312536754391409932e-01,7.568117491685657505e-01
6.845264037450153882e-01,5.845686398785222559e-01,6.306110339153769839e-01
7.442285120487213135e-01,6.856843321160837057e-01,7.137579500853253878e-01
7.498789280652999878e-01,6.374218667095358226e-01,6.890924130280032811e-01
7.491490393877029419e-01,6.181970567188479482e-01,6.774023526478717416e-01
7.442285120487213135e-01,6.856843321160837057e-01,7.137579500853253878e-01
9.486108124256134033e-01,5.861571822315454483e-01,7.245851396190775562e-01
7.442285120487213135e-01,6.856843321160837057e-01,7.137579500853253878e-01
7.860839128494263583e-01,6.824590055779977682e-01,7.306154130497664045e-01
7.860839128494263583e-01,6.824590055779977682e-01,7.306154130497664045e-01
7.531135827302932739e-01,6.643571446576479467e-01,7.059565742815572253e-01
6.894419987996418531e-01,6.300233535343006119e-01,6.583947951082061989e-01
8.004299759864808017e-01,7.054331387822212474e-01,7.499351365973930816e-01
7.575245350599288940e-01,6.733326061178793731e-01,7.129516353677023410e-01
7.413344979286193848e-01,6.723142215207721373e-01,7.051394296250629301e-01
7.462459355592727661e-01,6.469189728704396458e-01,6.930416510201686808e-01
7.575245350599288940e-01,6.733326061178793731e-01,7.129516353677023410e-01
7.364716678857803345e-01,6.147908011681577634e-01,6.701525678488668980e-01
7.413344979286193848e-01,6.723142215207721373e-01,7.051394296250629301e-01
7.575245350599288940e-01,6.733326061178793731e-01,7.129516353677023410e-01
7.687639951705933505e-01,6.667243821567363504e-01,7.141175195841827916e-01
7.687639951705933505e-01,6.667243821567363504e-01,7.141175195841827916e-01
7.711805105209350586e-01,6.500661140895104273e-01,7.054628085724631292e-01
7.706226408481597900e-01,6.480603589936420050e-01,7.040473246417647823e-01
7.959142446517945002e-01,6.666228870550791052e-01,7.255537519226299414e-01
9.717432657877603797e-01,6.044662837778125297e-01,7.453146579637650593e-01
7.801500707864761353e-01,6.067196115985646898e-01,6.825909513317213184e-01
7.706226408481597900e-01,6.480603589936420050e-01,7.040473246417647823e-01
7.706226408481597900e-01,6.480603589936420050e-01,7.040473246417647823e-01
7.825223654508590698e-01,5.539490890664022782e-01,6.486895773949222788e-01
7.706226408481597900e-01,6.480603589936420050e-01,7.040473246417647823e-01
7.865441739559173584e-01,6.035275353236241314e-01,6.829878826565038974e-01
8.119836926460266557e-01,6.762218534409463189e-01,7.379103230043072559e-01
8.119836926460266557e-01,6.762218534409463189e-01,7.379103230043072559e-01
7.713835537433624268e-01,6.158403642475605011e-01,6.848917792592419396e-01
7.848113477230072021e-01,6.207015047765384042e-01,6.931755673824849806e-01
8.300454854965210183e-01,6.085946653353966340e-01,7.022760405606560674e-01
9.568847715854644775e-01,5.766890528848616082e-01,7.196588306874119878e-01
7.852779179811477661e-01,5.646881129655797471e-01,6.569603908438086393e-01
7.848113477230072021e-01,6.207015047765384042e-01,6.931755673824849806e-01
7.798453867435455322e-01,6.187241743555513818e-01,6.900038531636499828e-01
7.848113477230072021e-01,6.207015047765384042e-01,6.931755673824849806e-01
9.569161832332611084e-01,6.128611032361701572e-01,7.471846010460182486e-01
7.848113477230072021e-01,6.207015047765384042e-01,6.931755673824849806e-01
8.265718936920166682e-01,6.469605880773673379e-01,7.258196816796103068e-01
8.265718936920166682e-01,6.469605880773673379e-01,7.258196816796103068e-01
7.988820448517799377e-01,5.553074294021205226e-01,6.551891639337540374e-01
8.021260574460029602e-01,5.070371610659455408e-01,6.213246953985195331e-01
8.244129598140716997e-01,4.571083946123955521e-01,5.881229887533440115e-01
9.648624658584594727e-01,4.768789259509907397e-01,6.382872532105526853e-01
7.988820448517799377e-01,5.553074294021205226e-01,6.551891639337540374e-01
8.027484491467475891e-01,5.023068709535494225e-01,6.179447804905745523e-01
7.914305701851844788e-01,4.805640748568943410e-01,5.980105360615347587e-01
7.988820448517799377e-01,5.553074294021205226e-01,6.551891639337540374e-01
6.479317396879196167e-01,4.242807928886678237e-01,5.127807853391009862e-01
7.988820448517799377e-01,5.553074294021205226e-01,6.551891639337540374e-01
8.477218697468439368e-01,5.903765715895190613e-01,6.960234664568978324e-01
8.477218697468439368e-01,5.903765715895190613e-01,6.960234664568978324e-01
7.583505585789680481e-01,8.052907869219780856e-01,7.811161041986010023e-01
7.556163445115089417e-01,8.212291855365038140e-01,7.870576836557507949e-01
8.033201754093171054e-01,8.268101397901773675e-01,8.148959139443568978e-01
6.821138958136240271e-01,7.703243594616652201e-01,7.235404988323438369e-01
7.581673040986061096e-01,7.732833951711655107e-01,7.656507484056648272e-01
7.600619271397590637e-01,7.730791129171848963e-01,7.665152586007438762e-01
7.575109675526618958e-01,8.224513068795205051e-01,7.886465333017658175e-01
7.533623650670051575e-01,7.377713451161981295e-01,7.454853466723879718e-01
9.749117692311604078e-01,8.164534572511912280e-01,8.886742611016048565e-01
7.556163445115089417e-01,8.212291855365038140e-01,7.870576836557507949e-01
7.463464811444282532e-01,7.873456848785281847e-01,7.662980803731165302e-01
7.463464811444282532e-01,7.873456848785281847e-01,7.662980803731165302e-01
7.737953178584575653e-01,7.235768378516773680e-01,7.478439706592796554e-01
7.733602933585643768e-01,7.081587518806810033e-01,7.393247651574244017e-01
7.986632317304611650e-01,7.526583287083071783e-01,7.749786356672645482e-01
5.686836168169975281e-01,6.511709421505161854e-01,6.071383573164957914e-01
7.737953178584575653e-01,7.235768378516773680e-01,7.478439706592796554e-01
6.645260713994503021e-01,6.602003649796968077e-01,6.623561556989656651e-01
7.737953178584575653e-01,7.235768378516773680e-01,7.478439706592796554e-01
7.737953178584575653e-01,7.235768378516773680e-01,7.478439706592796554e-01
7.111536612113316114e-01,7.198470089538597794e-01,7.154739289821137049e-01
7.737953178584575653e-01,7.235768378516773680e-01,7.478439706592796554e-01
7.767195515334606171e-01,6.976837725551039426e-01,7.350832951576038443e-01
7.767195515334606171e-01,6.976837725551039426e-01,7.350832951576038443e-01
7.665885314345359802e-01,7.669133702076451620e-01,7.667509164161028234e-01
6.989769637584686279e-01,7.375524711556905588e-01,7.177467782715725164e-01
8.129484117031098300e-01,7.880371369768021106e-01,8.002989650925830256e-01
7.699340358376502991e-01,7.780415818615015189e-01,7.739665771512928005e-01
7.665336653590202332e-01,7.681833358351574104e-01,7.673576139799868079e-01
7.691854014992713928e-01,7.773416441713654201e-01,7.732420151951150400e-01
7.665885314345359802e-01,7.669133702076451620e-01,7.667509164161028234e-01
7.698791697621345520e-01,7.787708010264606795e-01,7.742994595788996737e-01
7.712328359484672546e-01,7.539173522747533163e-01,7.624768001936834683e-01
7.698791697621345520e-01,7.787708010264606795e-01,7.742994595788996737e-01
7.682962045073509216e-01,8.037098344675329686e-01,7.856041262402587710e-01
7.682962045073509216e-01,8.037098344675329686e-01,7.856041262402587710e-01
